ts,metric,labels,value
1783709399,replicas_status,deployment=workload-cloud,1.0
1783709409,replicas_status,deployment=workload-cloud,1.0
1783709419,replicas_status,deployment=workload-cloud,1.0
1783709429,replicas_status,deployment=workload-cloud,1.0
1783709439,replicas_status,deployment=workload-cloud,1.0
1783709449,replicas_status,deployment=workload-cloud,1.0
1783709459,replicas_status,deployment=workload-cloud,1.0
1783709469,replicas_status,deployment=workload-cloud,1.0
1783709479,replicas_status,deployment=workload-cloud,1.0
1783709489,replicas_status,deployment=workload-cloud,1.0
1783709499,replicas_status,deployment=workload-cloud,1.0
1783709509,replicas_status,deployment=workload-cloud,1.0
1783709519,replicas_status,deployment=workload-cloud,1.0
1783709529,replicas_status,deployment=workload-cloud,1.0
1783709539,replicas_status,deployment=workload-cloud,2.0
1783709549,replicas_status,deployment=workload-cloud,2.0
1783709559,replicas_status,deployment=workload-cloud,2.0
1783709569,replicas_status,deployment=workload-cloud,2.0
1783709579,replicas_status,deployment=workload-cloud,2.0
1783709589,replicas_status,deployment=workload-cloud,2.0
1783709599,replicas_status,deployment=workload-cloud,2.0
1783709609,replicas_status,deployment=workload-cloud,2.0
1783709619,replicas_status,deployment=workload-cloud,2.0
1783709629,replicas_status,deployment=workload-cloud,3.0
1783709639,replicas_status,deployment=workload-cloud,3.0
1783709649,replicas_status,deployment=workload-cloud,3.0
1783709659,replicas_status,deployment=workload-cloud,4.0
1783709669,replicas_status,deployment=workload-cloud,4.0
1783709679,replicas_status,deployment=workload-cloud,4.0
1783709689,replicas_status,deployment=workload-cloud,4.0
1783709699,replicas_status,deployment=workload-cloud,4.0
1783709709,replicas_status,deployment=workload-cloud,4.0
1783709719,replicas_status,deployment=workload-cloud,4.0
1783709729,replicas_status,deployment=workload-cloud,4.0
1783709739,replicas_status,deployment=workload-cloud,4.0
1783709749,replicas_status,deployment=workload-cloud,4.0
1783709759,replicas_status,deployment=workload-cloud,4.0
1783709769,replicas_status,deployment=workload-cloud,4.0
1783709779,replicas_status,deployment=workload-cloud,4.0
1783709789,replicas_status,deployment=workload-cloud,4.0
1783709799,replicas_status,deployment=workload-cloud,4.0
1783709809,replicas_status,deployment=workload-cloud,4.0
1783709819,replicas_status,deployment=workload-cloud,4.0
1783709829,replicas_status,deployment=workload-cloud,4.0
1783709839,replicas_status,deployment=workload-cloud,4.0
1783709849,replicas_status,deployment=workload-cloud,4.0
1783709859,replicas_status,deployment=workload-cloud,4.0
1783709869,replicas_status,deployment=workload-cloud,4.0
1783709879,replicas_status,deployment=workload-cloud,4.0
1783709889,replicas_status,deployment=workload-cloud,4.0
1783709899,replicas_status,deployment=workload-cloud,4.0
1783709909,replicas_status,deployment=workload-cloud,4.0
1783709919,replicas_status,deployment=workload-cloud,4.0
1783709929,replicas_status,deployment=workload-cloud,4.0
1783709939,replicas_status,deployment=workload-cloud,4.0
1783709949,replicas_status,deployment=workload-cloud,4.0
1783709959,replicas_status,deployment=workload-cloud,4.0
1783709969,replicas_status,deployment=workload-cloud,3.0
1783709979,replicas_status,deployment=workload-cloud,3.0
1783709989,replicas_status,deployment=workload-cloud,3.0
1783709999,replicas_status,deployment=workload-cloud,3.0
1783710009,replicas_status,deployment=workload-cloud,3.0
1783710019,replicas_status,deployment=workload-cloud,3.0
1783710029,replicas_status,deployment=workload-cloud,3.0
1783710039,replicas_status,deployment=workload-cloud,3.0
1783710049,replicas_status,deployment=workload-cloud,3.0
1783709399,replicas_status,deployment=workload-edge,1.0
1783709409,replicas_status,deployment=workload-edge,1.0
1783709419,replicas_status,deployment=workload-edge,1.0
1783709429,replicas_status,deployment=workload-edge,1.0
1783709439,replicas_status,deployment=workload-edge,1.0
1783709449,replicas_status,deployment=workload-edge,1.0
1783709459,replicas_status,deployment=workload-edge,1.0
1783709469,replicas_status,deployment=workload-edge,1.0
1783709479,replicas_status,deployment=workload-edge,1.0
1783709489,replicas_status,deployment=workload-edge,1.0
1783709499,replicas_status,deployment=workload-edge,1.0
1783709509,replicas_status,deployment=workload-edge,1.0
1783709519,replicas_status,deployment=workload-edge,1.0
1783709529,replicas_status,deployment=workload-edge,1.0
1783709539,replicas_status,deployment=workload-edge,1.0
1783709549,replicas_status,deployment=workload-edge,1.0
1783709559,replicas_status,deployment=workload-edge,1.0
1783709569,replicas_status,deployment=workload-edge,1.0
1783709579,replicas_status,deployment=workload-edge,1.0
1783709589,replicas_status,deployment=workload-edge,1.0
1783709599,replicas_status,deployment=workload-edge,1.0
1783709609,replicas_status,deployment=workload-edge,1.0
1783709619,replicas_status,deployment=workload-edge,1.0
1783709629,replicas_status,deployment=workload-edge,1.0
1783709639,replicas_status,deployment=workload-edge,1.0
1783709649,replicas_status,deployment=workload-edge,1.0
1783709659,replicas_status,deployment=workload-edge,1.0
1783709669,replicas_status,deployment=workload-edge,1.0
1783709679,replicas_status,deployment=workload-edge,1.0
1783709689,replicas_status,deployment=workload-edge,1.0
1783709699,replicas_status,deployment=workload-edge,1.0
1783709709,replicas_status,deployment=workload-edge,1.0
1783709719,replicas_status,deployment=workload-edge,1.0
1783709729,replicas_status,deployment=workload-edge,1.0
1783709739,replicas_status,deployment=workload-edge,1.0
1783709749,replicas_status,deployment=workload-edge,1.0
1783709759,replicas_status,deployment=workload-edge,1.0
1783709769,replicas_status,deployment=workload-edge,1.0
1783709779,replicas_status,deployment=workload-edge,1.0
1783709789,replicas_status,deployment=workload-edge,1.0
1783709799,replicas_status,deployment=workload-edge,1.0
1783709809,replicas_status,deployment=workload-edge,1.0
1783709819,replicas_status,deployment=workload-edge,1.0
1783709829,replicas_status,deployment=workload-edge,1.0
1783709839,replicas_status,deployment=workload-edge,1.0
1783709849,replicas_status,deployment=workload-edge,1.0
1783709859,replicas_status,deployment=workload-edge,1.0
1783709869,replicas_status,deployment=workload-edge,1.0
1783709879,replicas_status,deployment=workload-edge,1.0
1783709889,replicas_status,deployment=workload-edge,1.0
1783709899,replicas_status,deployment=workload-edge,1.0
1783709909,replicas_status,deployment=workload-edge,1.0
1783709919,replicas_status,deployment=workload-edge,1.0
1783709929,replicas_status,deployment=workload-edge,1.0
1783709939,replicas_status,deployment=workload-edge,1.0
1783709949,replicas_status,deployment=workload-edge,1.0
1783709959,replicas_status,deployment=workload-edge,1.0
1783709969,replicas_status,deployment=workload-edge,1.0
1783709979,replicas_status,deployment=workload-edge,1.0
1783709989,replicas_status,deployment=workload-edge,1.0
1783709999,replicas_status,deployment=workload-edge,1.0
1783710009,replicas_status,deployment=workload-edge,1.0
1783710019,replicas_status,deployment=workload-edge,1.0
1783710029,replicas_status,deployment=workload-edge,1.0
1783710039,replicas_status,deployment=workload-edge,1.0
1783710049,replicas_status,deployment=workload-edge,1.0
1783709399,replicas_spec,deployment=workload-cloud,1.0
1783709409,replicas_spec,deployment=workload-cloud,1.0
1783709419,replicas_spec,deployment=workload-cloud,1.0
1783709429,replicas_spec,deployment=workload-cloud,1.0
1783709439,replicas_spec,deployment=workload-cloud,1.0
1783709449,replicas_spec,deployment=workload-cloud,1.0
1783709459,replicas_spec,deployment=workload-cloud,1.0
1783709469,replicas_spec,deployment=workload-cloud,1.0
1783709479,replicas_spec,deployment=workload-cloud,1.0
1783709489,replicas_spec,deployment=workload-cloud,1.0
1783709499,replicas_spec,deployment=workload-cloud,1.0
1783709509,replicas_spec,deployment=workload-cloud,1.0
1783709519,replicas_spec,deployment=workload-cloud,1.0
1783709529,replicas_spec,deployment=workload-cloud,1.0
1783709539,replicas_spec,deployment=workload-cloud,2.0
1783709549,replicas_spec,deployment=workload-cloud,2.0
1783709559,replicas_spec,deployment=workload-cloud,2.0
1783709569,replicas_spec,deployment=workload-cloud,2.0
1783709579,replicas_spec,deployment=workload-cloud,2.0
1783709589,replicas_spec,deployment=workload-cloud,2.0
1783709599,replicas_spec,deployment=workload-cloud,2.0
1783709609,replicas_spec,deployment=workload-cloud,2.0
1783709619,replicas_spec,deployment=workload-cloud,2.0
1783709629,replicas_spec,deployment=workload-cloud,3.0
1783709639,replicas_spec,deployment=workload-cloud,3.0
1783709649,replicas_spec,deployment=workload-cloud,3.0
1783709659,replicas_spec,deployment=workload-cloud,4.0
1783709669,replicas_spec,deployment=workload-cloud,4.0
1783709679,replicas_spec,deployment=workload-cloud,4.0
1783709689,replicas_spec,deployment=workload-cloud,4.0
1783709699,replicas_spec,deployment=workload-cloud,4.0
1783709709,replicas_spec,deployment=workload-cloud,4.0
1783709719,replicas_spec,deployment=workload-cloud,4.0
1783709729,replicas_spec,deployment=workload-cloud,4.0
1783709739,replicas_spec,deployment=workload-cloud,4.0
1783709749,replicas_spec,deployment=workload-cloud,4.0
1783709759,replicas_spec,deployment=workload-cloud,4.0
1783709769,replicas_spec,deployment=workload-cloud,4.0
1783709779,replicas_spec,deployment=workload-cloud,4.0
1783709789,replicas_spec,deployment=workload-cloud,4.0
1783709799,replicas_spec,deployment=workload-cloud,4.0
1783709809,replicas_spec,deployment=workload-cloud,4.0
1783709819,replicas_spec,deployment=workload-cloud,4.0
1783709829,replicas_spec,deployment=workload-cloud,4.0
1783709839,replicas_spec,deployment=workload-cloud,4.0
1783709849,replicas_spec,deployment=workload-cloud,4.0
1783709859,replicas_spec,deployment=workload-cloud,4.0
1783709869,replicas_spec,deployment=workload-cloud,4.0
1783709879,replicas_spec,deployment=workload-cloud,4.0
1783709889,replicas_spec,deployment=workload-cloud,4.0
1783709899,replicas_spec,deployment=workload-cloud,4.0
1783709909,replicas_spec,deployment=workload-cloud,4.0
1783709919,replicas_spec,deployment=workload-cloud,4.0
1783709929,replicas_spec,deployment=workload-cloud,4.0
1783709939,replicas_spec,deployment=workload-cloud,4.0
1783709949,replicas_spec,deployment=workload-cloud,4.0
1783709959,replicas_spec,deployment=workload-cloud,4.0
1783709969,replicas_spec,deployment=workload-cloud,3.0
1783709979,replicas_spec,deployment=workload-cloud,3.0
1783709989,replicas_spec,deployment=workload-cloud,3.0
1783709999,replicas_spec,deployment=workload-cloud,3.0
1783710009,replicas_spec,deployment=workload-cloud,3.0
1783710019,replicas_spec,deployment=workload-cloud,3.0
1783710029,replicas_spec,deployment=workload-cloud,3.0
1783710039,replicas_spec,deployment=workload-cloud,3.0
1783710049,replicas_spec,deployment=workload-cloud,3.0
1783709399,replicas_spec,deployment=workload-edge,1.0
1783709409,replicas_spec,deployment=workload-edge,1.0
1783709419,replicas_spec,deployment=workload-edge,1.0
1783709429,replicas_spec,deployment=workload-edge,1.0
1783709439,replicas_spec,deployment=workload-edge,1.0
1783709449,replicas_spec,deployment=workload-edge,1.0
1783709459,replicas_spec,deployment=workload-edge,1.0
1783709469,replicas_spec,deployment=workload-edge,1.0
1783709479,replicas_spec,deployment=workload-edge,1.0
1783709489,replicas_spec,deployment=workload-edge,1.0
1783709499,replicas_spec,deployment=workload-edge,1.0
1783709509,replicas_spec,deployment=workload-edge,1.0
1783709519,replicas_spec,deployment=workload-edge,1.0
1783709529,replicas_spec,deployment=workload-edge,1.0
1783709539,replicas_spec,deployment=workload-edge,1.0
1783709549,replicas_spec,deployment=workload-edge,1.0
1783709559,replicas_spec,deployment=workload-edge,1.0
1783709569,replicas_spec,deployment=workload-edge,1.0
1783709579,replicas_spec,deployment=workload-edge,1.0
1783709589,replicas_spec,deployment=workload-edge,1.0
1783709599,replicas_spec,deployment=workload-edge,1.0
1783709609,replicas_spec,deployment=workload-edge,1.0
1783709619,replicas_spec,deployment=workload-edge,1.0
1783709629,replicas_spec,deployment=workload-edge,1.0
1783709639,replicas_spec,deployment=workload-edge,1.0
1783709649,replicas_spec,deployment=workload-edge,1.0
1783709659,replicas_spec,deployment=workload-edge,1.0
1783709669,replicas_spec,deployment=workload-edge,1.0
1783709679,replicas_spec,deployment=workload-edge,1.0
1783709689,replicas_spec,deployment=workload-edge,1.0
1783709699,replicas_spec,deployment=workload-edge,1.0
1783709709,replicas_spec,deployment=workload-edge,1.0
1783709719,replicas_spec,deployment=workload-edge,1.0
1783709729,replicas_spec,deployment=workload-edge,1.0
1783709739,replicas_spec,deployment=workload-edge,1.0
1783709749,replicas_spec,deployment=workload-edge,1.0
1783709759,replicas_spec,deployment=workload-edge,1.0
1783709769,replicas_spec,deployment=workload-edge,1.0
1783709779,replicas_spec,deployment=workload-edge,1.0
1783709789,replicas_spec,deployment=workload-edge,1.0
1783709799,replicas_spec,deployment=workload-edge,1.0
1783709809,replicas_spec,deployment=workload-edge,1.0
1783709819,replicas_spec,deployment=workload-edge,1.0
1783709829,replicas_spec,deployment=workload-edge,1.0
1783709839,replicas_spec,deployment=workload-edge,1.0
1783709849,replicas_spec,deployment=workload-edge,1.0
1783709859,replicas_spec,deployment=workload-edge,1.0
1783709869,replicas_spec,deployment=workload-edge,1.0
1783709879,replicas_spec,deployment=workload-edge,1.0
1783709889,replicas_spec,deployment=workload-edge,1.0
1783709899,replicas_spec,deployment=workload-edge,1.0
1783709909,replicas_spec,deployment=workload-edge,1.0
1783709919,replicas_spec,deployment=workload-edge,1.0
1783709929,replicas_spec,deployment=workload-edge,1.0
1783709939,replicas_spec,deployment=workload-edge,1.0
1783709949,replicas_spec,deployment=workload-edge,1.0
1783709959,replicas_spec,deployment=workload-edge,1.0
1783709969,replicas_spec,deployment=workload-edge,1.0
1783709979,replicas_spec,deployment=workload-edge,1.0
1783709989,replicas_spec,deployment=workload-edge,1.0
1783709999,replicas_spec,deployment=workload-edge,1.0
1783710009,replicas_spec,deployment=workload-edge,1.0
1783710019,replicas_spec,deployment=workload-edge,1.0
1783710029,replicas_spec,deployment=workload-edge,1.0
1783710039,replicas_spec,deployment=workload-edge,1.0
1783710049,replicas_spec,deployment=workload-edge,1.0
1783709539,cpu_cores,pod=workload-cloud-6f545f89ff-9r4rd,0.048619599389262386
1783709549,cpu_cores,pod=workload-cloud-6f545f89ff-9r4rd,0.053003075
1783709559,cpu_cores,pod=workload-cloud-6f545f89ff-9r4rd,0.058728486505560305
1783709569,cpu_cores,pod=workload-cloud-6f545f89ff-9r4rd,0.08210367127551436
1783709579,cpu_cores,pod=workload-cloud-6f545f89ff-9r4rd,0.11632075410752109
1783709589,cpu_cores,pod=workload-cloud-6f545f89ff-9r4rd,0.10873062739579796
1783709599,cpu_cores,pod=workload-cloud-6f545f89ff-9r4rd,0.25708351332809637
1783709609,cpu_cores,pod=workload-cloud-6f545f89ff-9r4rd,0.2618468185388845
1783709619,cpu_cores,pod=workload-cloud-6f545f89ff-9r4rd,0.5369379349094524
1783709629,cpu_cores,pod=workload-cloud-6f545f89ff-9r4rd,0.6412843454980979
1783709639,cpu_cores,pod=workload-cloud-6f545f89ff-9r4rd,0.8753783896769878
1783709649,cpu_cores,pod=workload-cloud-6f545f89ff-9r4rd,0.8853678178056916
1783709659,cpu_cores,pod=workload-cloud-6f545f89ff-9r4rd,0.9069863249795157
1783709669,cpu_cores,pod=workload-cloud-6f545f89ff-9r4rd,0.9006783107599698
1783709679,cpu_cores,pod=workload-cloud-6f545f89ff-9r4rd,0.8968241566553192
1783709689,cpu_cores,pod=workload-cloud-6f545f89ff-9r4rd,0.8968134852250259
1783709699,cpu_cores,pod=workload-cloud-6f545f89ff-9r4rd,0.902403442892705
1783709709,cpu_cores,pod=workload-cloud-6f545f89ff-9r4rd,0.9109713514425508
1783709719,cpu_cores,pod=workload-cloud-6f545f89ff-9r4rd,0.912231936668999
1783709729,cpu_cores,pod=workload-cloud-6f545f89ff-9r4rd,0.7743423088501544
1783709739,cpu_cores,pod=workload-cloud-6f545f89ff-9r4rd,0.904046733124686
1783709749,cpu_cores,pod=workload-cloud-6f545f89ff-9r4rd,0.8957216801323392
1783709759,cpu_cores,pod=workload-cloud-6f545f89ff-9r4rd,0.8576777669666745
1783709769,cpu_cores,pod=workload-cloud-6f545f89ff-9r4rd,0.746163023467801
1783709779,cpu_cores,pod=workload-cloud-6f545f89ff-9r4rd,0.6010096387249955
1783709789,cpu_cores,pod=workload-cloud-6f545f89ff-9r4rd,0.44774785187438204
1783709799,cpu_cores,pod=workload-cloud-6f545f89ff-9r4rd,0.29472235395559393
1783709809,cpu_cores,pod=workload-cloud-6f545f89ff-9r4rd,0.267788003890201
1783709819,cpu_cores,pod=workload-cloud-6f545f89ff-9r4rd,0.16120178124953097
1783709829,cpu_cores,pod=workload-cloud-6f545f89ff-9r4rd,0.1899377187186453
1783709839,cpu_cores,pod=workload-cloud-6f545f89ff-9r4rd,0.19354791394323453
1783709849,cpu_cores,pod=workload-cloud-6f545f89ff-9r4rd,0.193998211035089
1783709859,cpu_cores,pod=workload-cloud-6f545f89ff-9r4rd,0.19449011782991343
1783709869,cpu_cores,pod=workload-cloud-6f545f89ff-9r4rd,0.1975879256420423
1783709879,cpu_cores,pod=workload-cloud-6f545f89ff-9r4rd,0.1970600053243409
1783709889,cpu_cores,pod=workload-cloud-6f545f89ff-9r4rd,0.19727190116154258
1783709899,cpu_cores,pod=workload-cloud-6f545f89ff-9r4rd,0.1943443757230576
1783709909,cpu_cores,pod=workload-cloud-6f545f89ff-9r4rd,0.19193672791978947
1783709919,cpu_cores,pod=workload-cloud-6f545f89ff-9r4rd,0.18879618615630292
1783709929,cpu_cores,pod=workload-cloud-6f545f89ff-9r4rd,0.18638338873141821
1783709939,cpu_cores,pod=workload-cloud-6f545f89ff-9r4rd,0.18490815686015458
1783709949,cpu_cores,pod=workload-cloud-6f545f89ff-9r4rd,0.1885890031645572
1783709959,cpu_cores,pod=workload-cloud-6f545f89ff-9r4rd,0.15633566985851585
1783709969,cpu_cores,pod=workload-cloud-6f545f89ff-9r4rd,0.12972962464920418
1783709979,cpu_cores,pod=workload-cloud-6f545f89ff-9r4rd,0.0993986381581863
1783709989,cpu_cores,pod=workload-cloud-6f545f89ff-9r4rd,0.04056566208641793
1783709999,cpu_cores,pod=workload-cloud-6f545f89ff-9r4rd,0.031798203374741735
1783710009,cpu_cores,pod=workload-cloud-6f545f89ff-9r4rd,0.003128311299926733
1783710019,cpu_cores,pod=workload-cloud-6f545f89ff-9r4rd,0.004055499012153975
1783710029,cpu_cores,pod=workload-cloud-6f545f89ff-9r4rd,0.004102034818387938
1783710039,cpu_cores,pod=workload-cloud-6f545f89ff-9r4rd,0.00424725619316458
1783710049,cpu_cores,pod=workload-cloud-6f545f89ff-9r4rd,0.0040609776551934
1783709669,cpu_cores,pod=workload-cloud-6f545f89ff-d62sg,0.060649794087777854
1783709679,cpu_cores,pod=workload-cloud-6f545f89ff-d62sg,0.04751286698838283
1783709689,cpu_cores,pod=workload-cloud-6f545f89ff-d62sg,0.04432376980655864
1783709699,cpu_cores,pod=workload-cloud-6f545f89ff-d62sg,0.04449201111111111
1783709709,cpu_cores,pod=workload-cloud-6f545f89ff-d62sg,0.004453684447896565
1783709719,cpu_cores,pod=workload-cloud-6f545f89ff-d62sg,0.0043468624488743075
1783709729,cpu_cores,pod=workload-cloud-6f545f89ff-d62sg,0.0038324861406154867
1783709739,cpu_cores,pod=workload-cloud-6f545f89ff-d62sg,0.004222541025905666
1783709749,cpu_cores,pod=workload-cloud-6f545f89ff-d62sg,0.004510881285069867
1783709759,cpu_cores,pod=workload-cloud-6f545f89ff-d62sg,0.004365856956911274
1783709769,cpu_cores,pod=workload-cloud-6f545f89ff-d62sg,0.0044671355213217285
1783709779,cpu_cores,pod=workload-cloud-6f545f89ff-d62sg,0.004306109638722279
1783709789,cpu_cores,pod=workload-cloud-6f545f89ff-d62sg,0.004237253681049011
1783709799,cpu_cores,pod=workload-cloud-6f545f89ff-d62sg,0.003895394355306401
1783709809,cpu_cores,pod=workload-cloud-6f545f89ff-d62sg,0.003910320437252171
1783709819,cpu_cores,pod=workload-cloud-6f545f89ff-d62sg,0.003831503330378045
1783709829,cpu_cores,pod=workload-cloud-6f545f89ff-d62sg,0.003831503330378045
1783709839,cpu_cores,pod=workload-cloud-6f545f89ff-d62sg,0.0038387531661083366
1783709849,cpu_cores,pod=workload-cloud-6f545f89ff-d62sg,0.0037843058752877494
1783709859,cpu_cores,pod=workload-cloud-6f545f89ff-d62sg,0.0039069500634019705
1783709869,cpu_cores,pod=workload-cloud-6f545f89ff-d62sg,0.004031654120826104
1783709879,cpu_cores,pod=workload-cloud-6f545f89ff-d62sg,0.003967510250247421
1783709889,cpu_cores,pod=workload-cloud-6f545f89ff-d62sg,0.003975116640746505
1783709899,cpu_cores,pod=workload-cloud-6f545f89ff-d62sg,0.0033200138649316572
1783709909,cpu_cores,pod=workload-cloud-6f545f89ff-d62sg,0.003848285498049711
1783709919,cpu_cores,pod=workload-cloud-6f545f89ff-d62sg,0.0038784667989362146
1783709929,cpu_cores,pod=workload-cloud-6f545f89ff-d62sg,0.0038784667989362146
1783709939,cpu_cores,pod=workload-cloud-6f545f89ff-d62sg,0.003790435458786939
1783709949,cpu_cores,pod=workload-cloud-6f545f89ff-d62sg,0.0038406109080112065
1783709959,cpu_cores,pod=workload-cloud-6f545f89ff-d62sg,0.0038918114734587048
1783709969,cpu_cores,pod=workload-cloud-6f545f89ff-d62sg,0.003826440613842193
1783709979,cpu_cores,pod=workload-cloud-6f545f89ff-d62sg,0.003451186669743845
1783709989,cpu_cores,pod=workload-cloud-6f545f89ff-d62sg,0.003975253093363328
1783709999,cpu_cores,pod=workload-cloud-6f545f89ff-d62sg,0.004012342720191732
1783710009,cpu_cores,pod=workload-cloud-6f545f89ff-d62sg,0.004113458876381016
1783710019,cpu_cores,pod=workload-cloud-6f545f89ff-d62sg,0.0042688137004652515
1783710029,cpu_cores,pod=workload-cloud-6f545f89ff-d62sg,0.004234431605842207
1783710039,cpu_cores,pod=workload-cloud-6f545f89ff-d62sg,0.004163670132307042
1783710049,cpu_cores,pod=workload-cloud-6f545f89ff-d62sg,0.004128507392456472
1783709639,cpu_cores,pod=workload-cloud-6f545f89ff-fvf7s,0.05441956615384616
1783709649,cpu_cores,pod=workload-cloud-6f545f89ff-fvf7s,0.03755612953200725
1783709659,cpu_cores,pod=workload-cloud-6f545f89ff-fvf7s,0.047731433548895426
1783709669,cpu_cores,pod=workload-cloud-6f545f89ff-fvf7s,0.03983302267492165
1783709679,cpu_cores,pod=workload-cloud-6f545f89ff-fvf7s,0.004698426525834373
1783709689,cpu_cores,pod=workload-cloud-6f545f89ff-fvf7s,0.004690352628077176
1783709699,cpu_cores,pod=workload-cloud-6f545f89ff-fvf7s,0.004489006336321435
1783709709,cpu_cores,pod=workload-cloud-6f545f89ff-fvf7s,0.003942446571749626
1783709719,cpu_cores,pod=workload-cloud-6f545f89ff-fvf7s,0.004635054370382669
1783709729,cpu_cores,pod=workload-cloud-6f545f89ff-fvf7s,0.00461707460469722
1783709739,cpu_cores,pod=workload-cloud-6f545f89ff-fvf7s,0.004531326408857069
1783709749,cpu_cores,pod=workload-cloud-6f545f89ff-fvf7s,0.004419309856349183
1783709759,cpu_cores,pod=workload-cloud-6f545f89ff-fvf7s,0.004419309856349183
1783709769,cpu_cores,pod=workload-cloud-6f545f89ff-fvf7s,0.004371769082689851
1783709779,cpu_cores,pod=workload-cloud-6f545f89ff-fvf7s,0.0037385404302801243
1783709789,cpu_cores,pod=workload-cloud-6f545f89ff-fvf7s,0.004327028298383305
1783709799,cpu_cores,pod=workload-cloud-6f545f89ff-fvf7s,0.00426632921465043
1783709809,cpu_cores,pod=workload-cloud-6f545f89ff-fvf7s,0.004239481213940622
1783709819,cpu_cores,pod=workload-cloud-6f545f89ff-fvf7s,0.004239481213940622
1783709829,cpu_cores,pod=workload-cloud-6f545f89ff-fvf7s,0.004154768822113385
1783709839,cpu_cores,pod=workload-cloud-6f545f89ff-fvf7s,0.004096469188045494
1783709849,cpu_cores,pod=workload-cloud-6f545f89ff-fvf7s,0.004096469188045494
1783709859,cpu_cores,pod=workload-cloud-6f545f89ff-fvf7s,0.004065137536306165
1783709869,cpu_cores,pod=workload-cloud-6f545f89ff-fvf7s,0.004099096415450307
1783709879,cpu_cores,pod=workload-cloud-6f545f89ff-fvf7s,0.004097215074055013
1783709889,cpu_cores,pod=workload-cloud-6f545f89ff-fvf7s,0.004128445176752538
1783709899,cpu_cores,pod=workload-cloud-6f545f89ff-fvf7s,0.004145808948235913
1783709909,cpu_cores,pod=workload-cloud-6f545f89ff-fvf7s,0.004083191981495757
1783709919,cpu_cores,pod=workload-cloud-6f545f89ff-fvf7s,0.004019518846426835
1783709929,cpu_cores,pod=workload-cloud-6f545f89ff-fvf7s,0.003998476825995504
1783709939,cpu_cores,pod=workload-cloud-6f545f89ff-fvf7s,0.003419980857108461
1783709949,cpu_cores,pod=workload-cloud-6f545f89ff-fvf7s,0.003939847400485004
1783709959,cpu_cores,pod=workload-cloud-6f545f89ff-fvf7s,0.003383481720469734
1783709969,cpu_cores,pod=workload-cloud-6f545f89ff-fvf7s,0.0027568114934249464
1783709979,cpu_cores,pod=workload-cloud-6f545f89ff-fvf7s,0.0020976195595729785
1783709989,cpu_cores,pod=workload-cloud-6f545f89ff-fvf7s,0.001426714069632636
1783709399,cpu_cores,pod=workload-cloud-6f545f89ff-r28zz,0.004084681277098573
1783709409,cpu_cores,pod=workload-cloud-6f545f89ff-r28zz,0.010083480327537383
1783709419,cpu_cores,pod=workload-cloud-6f545f89ff-r28zz,0.013577853961556979
1783709429,cpu_cores,pod=workload-cloud-6f545f89ff-r28zz,0.051427428011824
1783709439,cpu_cores,pod=workload-cloud-6f545f89ff-r28zz,0.07026386802645719
1783709449,cpu_cores,pod=workload-cloud-6f545f89ff-r28zz,0.1879631599530827
1783709459,cpu_cores,pod=workload-cloud-6f545f89ff-r28zz,0.21503664355627786
1783709469,cpu_cores,pod=workload-cloud-6f545f89ff-r28zz,0.2539927852768327
1783709479,cpu_cores,pod=workload-cloud-6f545f89ff-r28zz,0.3047649293716537
1783709489,cpu_cores,pod=workload-cloud-6f545f89ff-r28zz,0.3232172332527312
1783709499,cpu_cores,pod=workload-cloud-6f545f89ff-r28zz,0.38286430077812295
1783709509,cpu_cores,pod=workload-cloud-6f545f89ff-r28zz,0.4261384302241174
1783709519,cpu_cores,pod=workload-cloud-6f545f89ff-r28zz,0.4514334739506557
1783709529,cpu_cores,pod=workload-cloud-6f545f89ff-r28zz,0.39052454958877125
1783709539,cpu_cores,pod=workload-cloud-6f545f89ff-r28zz,0.4996835290643476
1783709549,cpu_cores,pod=workload-cloud-6f545f89ff-r28zz,0.46150555912129565
1783709559,cpu_cores,pod=workload-cloud-6f545f89ff-r28zz,0.5589439655172331
1783709569,cpu_cores,pod=workload-cloud-6f545f89ff-r28zz,0.5738307572285217
1783709579,cpu_cores,pod=workload-cloud-6f545f89ff-r28zz,0.5944804816759167
1783709589,cpu_cores,pod=workload-cloud-6f545f89ff-r28zz,0.6053861074399527
1783709599,cpu_cores,pod=workload-cloud-6f545f89ff-r28zz,0.5125066395717085
1783709609,cpu_cores,pod=workload-cloud-6f545f89ff-r28zz,0.6817568768190535
1783709619,cpu_cores,pod=workload-cloud-6f545f89ff-r28zz,0.5991249771808658
1783709629,cpu_cores,pod=workload-cloud-6f545f89ff-r28zz,0.8112316007640122
1783709639,cpu_cores,pod=workload-cloud-6f545f89ff-r28zz,0.8838277873269005
1783709649,cpu_cores,pod=workload-cloud-6f545f89ff-r28zz,0.9490044028618567
1783709659,cpu_cores,pod=workload-cloud-6f545f89ff-r28zz,0.9537610628409849
1783709669,cpu_cores,pod=workload-cloud-6f545f89ff-r28zz,0.9505823827936176
1783709679,cpu_cores,pod=workload-cloud-6f545f89ff-r28zz,0.7792029412024039
1783709689,cpu_cores,pod=workload-cloud-6f545f89ff-r28zz,0.9612065336690491
1783709699,cpu_cores,pod=workload-cloud-6f545f89ff-r28zz,0.9609027711468594
1783709709,cpu_cores,pod=workload-cloud-6f545f89ff-r28zz,0.9609027711468595
1783709719,cpu_cores,pod=workload-cloud-6f545f89ff-r28zz,0.9631680877436848
1783709729,cpu_cores,pod=workload-cloud-6f545f89ff-r28zz,0.957082394058559
1783709739,cpu_cores,pod=workload-cloud-6f545f89ff-r28zz,0.9590403329680808
1783709749,cpu_cores,pod=workload-cloud-6f545f89ff-r28zz,0.9413559570207201
1783709759,cpu_cores,pod=workload-cloud-6f545f89ff-r28zz,0.7777838870065914
1783709769,cpu_cores,pod=workload-cloud-6f545f89ff-r28zz,0.9058804095918164
1783709779,cpu_cores,pod=workload-cloud-6f545f89ff-r28zz,0.7914808807078185
1783709789,cpu_cores,pod=workload-cloud-6f545f89ff-r28zz,0.7709333746080452
1783709799,cpu_cores,pod=workload-cloud-6f545f89ff-r28zz,0.598792272002425
1783709809,cpu_cores,pod=workload-cloud-6f545f89ff-r28zz,0.66170110058985
1783709819,cpu_cores,pod=workload-cloud-6f545f89ff-r28zz,0.5424208612163055
1783709829,cpu_cores,pod=workload-cloud-6f545f89ff-r28zz,0.6480720069815115
1783709839,cpu_cores,pod=workload-cloud-6f545f89ff-r28zz,0.6425133605724086
1783709849,cpu_cores,pod=workload-cloud-6f545f89ff-r28zz,0.6423845284022792
1783709859,cpu_cores,pod=workload-cloud-6f545f89ff-r28zz,0.6423845284022792
1783709869,cpu_cores,pod=workload-cloud-6f545f89ff-r28zz,0.6469899982670154
1783709879,cpu_cores,pod=workload-cloud-6f545f89ff-r28zz,0.6620971795911224
1783709889,cpu_cores,pod=workload-cloud-6f545f89ff-r28zz,0.6520327022375247
1783709899,cpu_cores,pod=workload-cloud-6f545f89ff-r28zz,0.552780204822192
1783709909,cpu_cores,pod=workload-cloud-6f545f89ff-r28zz,0.6512528948819554
1783709919,cpu_cores,pod=workload-cloud-6f545f89ff-r28zz,0.6419071578578913
1783709929,cpu_cores,pod=workload-cloud-6f545f89ff-r28zz,0.623527201959235
1783709939,cpu_cores,pod=workload-cloud-6f545f89ff-r28zz,0.6334702643171807
1783709949,cpu_cores,pod=workload-cloud-6f545f89ff-r28zz,0.6355467725742657
1783709959,cpu_cores,pod=workload-cloud-6f545f89ff-r28zz,0.6274785190024249
1783709969,cpu_cores,pod=workload-cloud-6f545f89ff-r28zz,0.5699730829096171
1783709979,cpu_cores,pod=workload-cloud-6f545f89ff-r28zz,0.5270939767434323
1783709989,cpu_cores,pod=workload-cloud-6f545f89ff-r28zz,0.3900914653278806
1783709999,cpu_cores,pod=workload-cloud-6f545f89ff-r28zz,0.1440958006971588
1783710009,cpu_cores,pod=workload-cloud-6f545f89ff-r28zz,0.12823961732123618
1783710019,cpu_cores,pod=workload-cloud-6f545f89ff-r28zz,0.019630012098175498
1783710029,cpu_cores,pod=workload-cloud-6f545f89ff-r28zz,0.0041800190094038224
1783710039,cpu_cores,pod=workload-cloud-6f545f89ff-r28zz,0.0040485874371454286
1783710049,cpu_cores,pod=workload-cloud-6f545f89ff-r28zz,0.0039848070367517864
1783709399,cpu_cores,pod=workload-edge-7b875fd8c6-pxwvc,0.003917243106202729
1783709409,cpu_cores,pod=workload-edge-7b875fd8c6-pxwvc,0.004036394022807479
1783709419,cpu_cores,pod=workload-edge-7b875fd8c6-pxwvc,0.004128518795692795
1783709429,cpu_cores,pod=workload-edge-7b875fd8c6-pxwvc,0.004104654276685912
1783709439,cpu_cores,pod=workload-edge-7b875fd8c6-pxwvc,0.0040575054455929275
1783709449,cpu_cores,pod=workload-edge-7b875fd8c6-pxwvc,0.003956941329245698
1783709459,cpu_cores,pod=workload-edge-7b875fd8c6-pxwvc,0.004383710817863401
1783709469,cpu_cores,pod=workload-edge-7b875fd8c6-pxwvc,0.004537970579890228
1783709479,cpu_cores,pod=workload-edge-7b875fd8c6-pxwvc,0.004537970579890229
1783709489,cpu_cores,pod=workload-edge-7b875fd8c6-pxwvc,0.004609671540075709
1783709499,cpu_cores,pod=workload-edge-7b875fd8c6-pxwvc,0.0042866403965945155
1783709509,cpu_cores,pod=workload-edge-7b875fd8c6-pxwvc,0.004327340084967987
1783709519,cpu_cores,pod=workload-edge-7b875fd8c6-pxwvc,0.004258192850975023
1783709529,cpu_cores,pod=workload-edge-7b875fd8c6-pxwvc,0.004286153289951292
1783709539,cpu_cores,pod=workload-edge-7b875fd8c6-pxwvc,0.00429968698071678
1783709549,cpu_cores,pod=workload-edge-7b875fd8c6-pxwvc,0.0042576478279458645
1783709559,cpu_cores,pod=workload-edge-7b875fd8c6-pxwvc,0.0042576478279458645
1783709569,cpu_cores,pod=workload-edge-7b875fd8c6-pxwvc,0.004522966228980626
1783709579,cpu_cores,pod=workload-edge-7b875fd8c6-pxwvc,0.0036406983171515086
1783709589,cpu_cores,pod=workload-edge-7b875fd8c6-pxwvc,0.004521452059082716
1783709599,cpu_cores,pod=workload-edge-7b875fd8c6-pxwvc,0.004652837227097279
1783709609,cpu_cores,pod=workload-edge-7b875fd8c6-pxwvc,0.004587341024822861
1783709619,cpu_cores,pod=workload-edge-7b875fd8c6-pxwvc,0.0036863999901616084
1783709629,cpu_cores,pod=workload-edge-7b875fd8c6-pxwvc,0.004813289277148672
1783709639,cpu_cores,pod=workload-edge-7b875fd8c6-pxwvc,0.0049016504525430495
1783709649,cpu_cores,pod=workload-edge-7b875fd8c6-pxwvc,0.004976066746984214
1783709659,cpu_cores,pod=workload-edge-7b875fd8c6-pxwvc,0.0050093605830291285
1783709669,cpu_cores,pod=workload-edge-7b875fd8c6-pxwvc,0.0050446504166475874
1783709679,cpu_cores,pod=workload-edge-7b875fd8c6-pxwvc,0.005044650416647588
1783709689,cpu_cores,pod=workload-edge-7b875fd8c6-pxwvc,0.005004014823966772
1783709699,cpu_cores,pod=workload-edge-7b875fd8c6-pxwvc,0.005054839260963719
1783709709,cpu_cores,pod=workload-edge-7b875fd8c6-pxwvc,0.005118610688391072
1783709719,cpu_cores,pod=workload-edge-7b875fd8c6-pxwvc,0.005233484063083232
1783709729,cpu_cores,pod=workload-edge-7b875fd8c6-pxwvc,0.005155994625433826
1783709739,cpu_cores,pod=workload-edge-7b875fd8c6-pxwvc,0.005155994625433826
1783709749,cpu_cores,pod=workload-edge-7b875fd8c6-pxwvc,0.005081040462424278
1783709759,cpu_cores,pod=workload-edge-7b875fd8c6-pxwvc,0.004757433456426885
1783709769,cpu_cores,pod=workload-edge-7b875fd8c6-pxwvc,0.004757433456426885
1783709779,cpu_cores,pod=workload-edge-7b875fd8c6-pxwvc,0.004764703422609706
1783709789,cpu_cores,pod=workload-edge-7b875fd8c6-pxwvc,0.004624196141482225
1783709799,cpu_cores,pod=workload-edge-7b875fd8c6-pxwvc,0.00472527745411076
1783709809,cpu_cores,pod=workload-edge-7b875fd8c6-pxwvc,0.0047586160291921455
1783709819,cpu_cores,pod=workload-edge-7b875fd8c6-pxwvc,0.003914848421514092
1783709829,cpu_cores,pod=workload-edge-7b875fd8c6-pxwvc,0.0046912191242487996
1783709839,cpu_cores,pod=workload-edge-7b875fd8c6-pxwvc,0.004495441453019377
1783709849,cpu_cores,pod=workload-edge-7b875fd8c6-pxwvc,0.004495441453019377
1783709859,cpu_cores,pod=workload-edge-7b875fd8c6-pxwvc,0.004617272805432314
1783709869,cpu_cores,pod=workload-edge-7b875fd8c6-pxwvc,0.004583275938908227
1783709879,cpu_cores,pod=workload-edge-7b875fd8c6-pxwvc,0.004653728137468353
1783709889,cpu_cores,pod=workload-edge-7b875fd8c6-pxwvc,0.004555637707949786
1783709899,cpu_cores,pod=workload-edge-7b875fd8c6-pxwvc,0.003697382848297063
1783709909,cpu_cores,pod=workload-edge-7b875fd8c6-pxwvc,0.004329192402896441
1783709919,cpu_cores,pod=workload-edge-7b875fd8c6-pxwvc,0.004356733956009108
1783709929,cpu_cores,pod=workload-edge-7b875fd8c6-pxwvc,0.003627880888678295
1783709939,cpu_cores,pod=workload-edge-7b875fd8c6-pxwvc,0.004424790945349332
1783709949,cpu_cores,pod=workload-edge-7b875fd8c6-pxwvc,0.004440822385812191
1783709959,cpu_cores,pod=workload-edge-7b875fd8c6-pxwvc,0.004432800621493655
1783709969,cpu_cores,pod=workload-edge-7b875fd8c6-pxwvc,0.004389401295957319
1783709979,cpu_cores,pod=workload-edge-7b875fd8c6-pxwvc,0.004328244701672338
1783709989,cpu_cores,pod=workload-edge-7b875fd8c6-pxwvc,0.004331217258442086
1783709999,cpu_cores,pod=workload-edge-7b875fd8c6-pxwvc,0.0043226258069572554
1783710009,cpu_cores,pod=workload-edge-7b875fd8c6-pxwvc,0.0044853572367123855
1783710019,cpu_cores,pod=workload-edge-7b875fd8c6-pxwvc,0.004595104333871327
1783710029,cpu_cores,pod=workload-edge-7b875fd8c6-pxwvc,0.0037051360089616755
1783710039,cpu_cores,pod=workload-edge-7b875fd8c6-pxwvc,0.004357026535109963
1783710049,cpu_cores,pod=workload-edge-7b875fd8c6-pxwvc,0.004228253848638212
1783709539,cpu_utilisation,pod=workload-cloud-6f545f89ff-9r4rd,0.24309799694631193
1783709549,cpu_utilisation,pod=workload-cloud-6f545f89ff-9r4rd,0.26501537499999994
1783709559,cpu_utilisation,pod=workload-cloud-6f545f89ff-9r4rd,0.29364243252780153
1783709569,cpu_utilisation,pod=workload-cloud-6f545f89ff-9r4rd,0.4105183563775718
1783709579,cpu_utilisation,pod=workload-cloud-6f545f89ff-9r4rd,0.5816037705376054
1783709589,cpu_utilisation,pod=workload-cloud-6f545f89ff-9r4rd,0.5436531369789898
1783709599,cpu_utilisation,pod=workload-cloud-6f545f89ff-9r4rd,1.2854175666404817
1783709609,cpu_utilisation,pod=workload-cloud-6f545f89ff-9r4rd,1.3092340926944224
1783709619,cpu_utilisation,pod=workload-cloud-6f545f89ff-9r4rd,2.6846896745472617
1783709629,cpu_utilisation,pod=workload-cloud-6f545f89ff-9r4rd,3.2064217274904894
1783709639,cpu_utilisation,pod=workload-cloud-6f545f89ff-9r4rd,4.376891948384938
1783709649,cpu_utilisation,pod=workload-cloud-6f545f89ff-9r4rd,4.426839089028458
1783709659,cpu_utilisation,pod=workload-cloud-6f545f89ff-9r4rd,4.534931624897578
1783709669,cpu_utilisation,pod=workload-cloud-6f545f89ff-9r4rd,4.503391553799849
1783709679,cpu_utilisation,pod=workload-cloud-6f545f89ff-9r4rd,4.4841207832765955
1783709689,cpu_utilisation,pod=workload-cloud-6f545f89ff-9r4rd,4.484067426125129
1783709699,cpu_utilisation,pod=workload-cloud-6f545f89ff-9r4rd,4.512017214463524
1783709709,cpu_utilisation,pod=workload-cloud-6f545f89ff-9r4rd,4.554856757212754
1783709719,cpu_utilisation,pod=workload-cloud-6f545f89ff-9r4rd,4.561159683344995
1783709729,cpu_utilisation,pod=workload-cloud-6f545f89ff-9r4rd,3.871711544250772
1783709739,cpu_utilisation,pod=workload-cloud-6f545f89ff-9r4rd,4.520233665623429
1783709749,cpu_utilisation,pod=workload-cloud-6f545f89ff-9r4rd,4.478608400661696
1783709759,cpu_utilisation,pod=workload-cloud-6f545f89ff-9r4rd,4.2883888348333725
1783709769,cpu_utilisation,pod=workload-cloud-6f545f89ff-9r4rd,3.7308151173390045
1783709779,cpu_utilisation,pod=workload-cloud-6f545f89ff-9r4rd,3.0050481936249773
1783709789,cpu_utilisation,pod=workload-cloud-6f545f89ff-9r4rd,2.23873925937191
1783709799,cpu_utilisation,pod=workload-cloud-6f545f89ff-9r4rd,1.4736117697779696
1783709809,cpu_utilisation,pod=workload-cloud-6f545f89ff-9r4rd,1.338940019451005
1783709819,cpu_utilisation,pod=workload-cloud-6f545f89ff-9r4rd,0.8060089062476548
1783709829,cpu_utilisation,pod=workload-cloud-6f545f89ff-9r4rd,0.9496885935932264
1783709839,cpu_utilisation,pod=workload-cloud-6f545f89ff-9r4rd,0.9677395697161726
1783709849,cpu_utilisation,pod=workload-cloud-6f545f89ff-9r4rd,0.9699910551754449
1783709859,cpu_utilisation,pod=workload-cloud-6f545f89ff-9r4rd,0.9724505891495672
1783709869,cpu_utilisation,pod=workload-cloud-6f545f89ff-9r4rd,0.9879396282102115
1783709879,cpu_utilisation,pod=workload-cloud-6f545f89ff-9r4rd,0.9853000266217045
1783709889,cpu_utilisation,pod=workload-cloud-6f545f89ff-9r4rd,0.9863595058077129
1783709899,cpu_utilisation,pod=workload-cloud-6f545f89ff-9r4rd,0.9717218786152879
1783709909,cpu_utilisation,pod=workload-cloud-6f545f89ff-9r4rd,0.9596836395989473
1783709919,cpu_utilisation,pod=workload-cloud-6f545f89ff-9r4rd,0.9439809307815146
1783709929,cpu_utilisation,pod=workload-cloud-6f545f89ff-9r4rd,0.931916943657091
1783709939,cpu_utilisation,pod=workload-cloud-6f545f89ff-9r4rd,0.9245407843007728
1783709949,cpu_utilisation,pod=workload-cloud-6f545f89ff-9r4rd,0.942945015822786
1783709959,cpu_utilisation,pod=workload-cloud-6f545f89ff-9r4rd,0.7816783492925792
1783709969,cpu_utilisation,pod=workload-cloud-6f545f89ff-9r4rd,0.6486481232460208
1783709979,cpu_utilisation,pod=workload-cloud-6f545f89ff-9r4rd,0.49699319079093146
1783709989,cpu_utilisation,pod=workload-cloud-6f545f89ff-9r4rd,0.20282831043208965
1783709999,cpu_utilisation,pod=workload-cloud-6f545f89ff-9r4rd,0.15899101687370867
1783710009,cpu_utilisation,pod=workload-cloud-6f545f89ff-9r4rd,0.015641556499633665
1783710019,cpu_utilisation,pod=workload-cloud-6f545f89ff-9r4rd,0.02027749506076987
1783710029,cpu_utilisation,pod=workload-cloud-6f545f89ff-9r4rd,0.02051017409193969
1783710039,cpu_utilisation,pod=workload-cloud-6f545f89ff-9r4rd,0.0212362809658229
1783710049,cpu_utilisation,pod=workload-cloud-6f545f89ff-9r4rd,0.020304888275967
1783709669,cpu_utilisation,pod=workload-cloud-6f545f89ff-d62sg,0.30324897043888926
1783709679,cpu_utilisation,pod=workload-cloud-6f545f89ff-d62sg,0.23756433494191412
1783709689,cpu_utilisation,pod=workload-cloud-6f545f89ff-d62sg,0.2216188490327932
1783709699,cpu_utilisation,pod=workload-cloud-6f545f89ff-d62sg,0.22246005555555554
1783709709,cpu_utilisation,pod=workload-cloud-6f545f89ff-d62sg,0.022268422239482822
1783709719,cpu_utilisation,pod=workload-cloud-6f545f89ff-d62sg,0.021734312244371536
1783709729,cpu_utilisation,pod=workload-cloud-6f545f89ff-d62sg,0.01916243070307743
1783709739,cpu_utilisation,pod=workload-cloud-6f545f89ff-d62sg,0.02111270512952833
1783709749,cpu_utilisation,pod=workload-cloud-6f545f89ff-d62sg,0.02255440642534933
1783709759,cpu_utilisation,pod=workload-cloud-6f545f89ff-d62sg,0.02182928478455637
1783709769,cpu_utilisation,pod=workload-cloud-6f545f89ff-d62sg,0.02233567760660864
1783709779,cpu_utilisation,pod=workload-cloud-6f545f89ff-d62sg,0.021530548193611394
1783709789,cpu_utilisation,pod=workload-cloud-6f545f89ff-d62sg,0.021186268405245054
1783709799,cpu_utilisation,pod=workload-cloud-6f545f89ff-d62sg,0.019476971776532005
1783709809,cpu_utilisation,pod=workload-cloud-6f545f89ff-d62sg,0.019551602186260855
1783709819,cpu_utilisation,pod=workload-cloud-6f545f89ff-d62sg,0.019157516651890222
1783709829,cpu_utilisation,pod=workload-cloud-6f545f89ff-d62sg,0.019157516651890222
1783709839,cpu_utilisation,pod=workload-cloud-6f545f89ff-d62sg,0.019193765830541682
1783709849,cpu_utilisation,pod=workload-cloud-6f545f89ff-d62sg,0.018921529376438744
1783709859,cpu_utilisation,pod=workload-cloud-6f545f89ff-d62sg,0.019534750317009852
1783709869,cpu_utilisation,pod=workload-cloud-6f545f89ff-d62sg,0.02015827060413052
1783709879,cpu_utilisation,pod=workload-cloud-6f545f89ff-d62sg,0.019837551251237106
1783709889,cpu_utilisation,pod=workload-cloud-6f545f89ff-d62sg,0.019875583203732526
1783709899,cpu_utilisation,pod=workload-cloud-6f545f89ff-d62sg,0.016600069324658285
1783709909,cpu_utilisation,pod=workload-cloud-6f545f89ff-d62sg,0.019241427490248555
1783709919,cpu_utilisation,pod=workload-cloud-6f545f89ff-d62sg,0.01939233399468107
1783709929,cpu_utilisation,pod=workload-cloud-6f545f89ff-d62sg,0.01939233399468107
1783709939,cpu_utilisation,pod=workload-cloud-6f545f89ff-d62sg,0.018952177293934693
1783709949,cpu_utilisation,pod=workload-cloud-6f545f89ff-d62sg,0.019203054540056032
1783709959,cpu_utilisation,pod=workload-cloud-6f545f89ff-d62sg,0.019459057367293524
1783709969,cpu_utilisation,pod=workload-cloud-6f545f89ff-d62sg,0.019132203069210964
1783709979,cpu_utilisation,pod=workload-cloud-6f545f89ff-d62sg,0.017255933348719225
1783709989,cpu_utilisation,pod=workload-cloud-6f545f89ff-d62sg,0.019876265466816638
1783709999,cpu_utilisation,pod=workload-cloud-6f545f89ff-d62sg,0.02006171360095866
1783710009,cpu_utilisation,pod=workload-cloud-6f545f89ff-d62sg,0.020567294381905077
1783710019,cpu_utilisation,pod=workload-cloud-6f545f89ff-d62sg,0.021344068502326258
1783710029,cpu_utilisation,pod=workload-cloud-6f545f89ff-d62sg,0.021172158029211033
1783710039,cpu_utilisation,pod=workload-cloud-6f545f89ff-d62sg,0.020818350661535208
1783710049,cpu_utilisation,pod=workload-cloud-6f545f89ff-d62sg,0.020642536962282357
1783709639,cpu_utilisation,pod=workload-cloud-6f545f89ff-fvf7s,0.2720978307692308
1783709649,cpu_utilisation,pod=workload-cloud-6f545f89ff-fvf7s,0.18778064766003624
1783709659,cpu_utilisation,pod=workload-cloud-6f545f89ff-fvf7s,0.23865716774447712
1783709669,cpu_utilisation,pod=workload-cloud-6f545f89ff-fvf7s,0.19916511337460824
1783709679,cpu_utilisation,pod=workload-cloud-6f545f89ff-fvf7s,0.023492132629171863
1783709689,cpu_utilisation,pod=workload-cloud-6f545f89ff-fvf7s,0.02345176314038588
1783709699,cpu_utilisation,pod=workload-cloud-6f545f89ff-fvf7s,0.022445031681607174
1783709709,cpu_utilisation,pod=workload-cloud-6f545f89ff-fvf7s,0.019712232858748128
1783709719,cpu_utilisation,pod=workload-cloud-6f545f89ff-fvf7s,0.023175271851913346
1783709729,cpu_utilisation,pod=workload-cloud-6f545f89ff-fvf7s,0.023085373023486098
1783709739,cpu_utilisation,pod=workload-cloud-6f545f89ff-fvf7s,0.022656632044285346
1783709749,cpu_utilisation,pod=workload-cloud-6f545f89ff-fvf7s,0.022096549281745915
1783709759,cpu_utilisation,pod=workload-cloud-6f545f89ff-fvf7s,0.022096549281745915
1783709769,cpu_utilisation,pod=workload-cloud-6f545f89ff-fvf7s,0.021858845413449252
1783709779,cpu_utilisation,pod=workload-cloud-6f545f89ff-fvf7s,0.01869270215140062
1783709789,cpu_utilisation,pod=workload-cloud-6f545f89ff-fvf7s,0.021635141491916525
1783709799,cpu_utilisation,pod=workload-cloud-6f545f89ff-fvf7s,0.02133164607325215
1783709809,cpu_utilisation,pod=workload-cloud-6f545f89ff-fvf7s,0.02119740606970311
1783709819,cpu_utilisation,pod=workload-cloud-6f545f89ff-fvf7s,0.02119740606970311
1783709829,cpu_utilisation,pod=workload-cloud-6f545f89ff-fvf7s,0.020773844110566923
1783709839,cpu_utilisation,pod=workload-cloud-6f545f89ff-fvf7s,0.02048234594022747
1783709849,cpu_utilisation,pod=workload-cloud-6f545f89ff-fvf7s,0.02048234594022747
1783709859,cpu_utilisation,pod=workload-cloud-6f545f89ff-fvf7s,0.020325687681530823
1783709869,cpu_utilisation,pod=workload-cloud-6f545f89ff-fvf7s,0.020495482077251534
1783709879,cpu_utilisation,pod=workload-cloud-6f545f89ff-fvf7s,0.020486075370275067
1783709889,cpu_utilisation,pod=workload-cloud-6f545f89ff-fvf7s,0.020642225883762688
1783709899,cpu_utilisation,pod=workload-cloud-6f545f89ff-fvf7s,0.020729044741179564
1783709909,cpu_utilisation,pod=workload-cloud-6f545f89ff-fvf7s,0.020415959907478784
1783709919,cpu_utilisation,pod=workload-cloud-6f545f89ff-fvf7s,0.020097594232134173
1783709929,cpu_utilisation,pod=workload-cloud-6f545f89ff-fvf7s,0.019992384129977517
1783709939,cpu_utilisation,pod=workload-cloud-6f545f89ff-fvf7s,0.017099904285542304
1783709949,cpu_utilisation,pod=workload-cloud-6f545f89ff-fvf7s,0.01969923700242502
1783709959,cpu_utilisation,pod=workload-cloud-6f545f89ff-fvf7s,0.01691740860234867
1783709399,cpu_utilisation,pod=workload-cloud-6f545f89ff-r28zz,0.020423406385492865
1783709409,cpu_utilisation,pod=workload-cloud-6f545f89ff-r28zz,0.05041740163768691
1783709419,cpu_utilisation,pod=workload-cloud-6f545f89ff-r28zz,0.0678892698077849
1783709429,cpu_utilisation,pod=workload-cloud-6f545f89ff-r28zz,0.25713714005912
1783709439,cpu_utilisation,pod=workload-cloud-6f545f89ff-r28zz,0.35131934013228594
1783709449,cpu_utilisation,pod=workload-cloud-6f545f89ff-r28zz,0.9398157997654134
1783709459,cpu_utilisation,pod=workload-cloud-6f545f89ff-r28zz,1.0751832177813891
1783709469,cpu_utilisation,pod=workload-cloud-6f545f89ff-r28zz,1.2699639263841636
1783709479,cpu_utilisation,pod=workload-cloud-6f545f89ff-r28zz,1.5238246468582686
1783709489,cpu_utilisation,pod=workload-cloud-6f545f89ff-r28zz,1.616086166263656
1783709499,cpu_utilisation,pod=workload-cloud-6f545f89ff-r28zz,1.9143215038906147
1783709509,cpu_utilisation,pod=workload-cloud-6f545f89ff-r28zz,2.130692151120587
1783709519,cpu_utilisation,pod=workload-cloud-6f545f89ff-r28zz,2.257167369753278
1783709529,cpu_utilisation,pod=workload-cloud-6f545f89ff-r28zz,1.9526227479438563
1783709539,cpu_utilisation,pod=workload-cloud-6f545f89ff-r28zz,2.4984176453217377
1783709549,cpu_utilisation,pod=workload-cloud-6f545f89ff-r28zz,2.307527795606478
1783709559,cpu_utilisation,pod=workload-cloud-6f545f89ff-r28zz,2.7947198275861656
1783709569,cpu_utilisation,pod=workload-cloud-6f545f89ff-r28zz,2.8691537861426086
1783709579,cpu_utilisation,pod=workload-cloud-6f545f89ff-r28zz,2.9724024083795832
1783709589,cpu_utilisation,pod=workload-cloud-6f545f89ff-r28zz,3.0269305371997635
1783709599,cpu_utilisation,pod=workload-cloud-6f545f89ff-r28zz,2.562533197858542
1783709609,cpu_utilisation,pod=workload-cloud-6f545f89ff-r28zz,3.4087843840952674
1783709619,cpu_utilisation,pod=workload-cloud-6f545f89ff-r28zz,2.995624885904329
1783709629,cpu_utilisation,pod=workload-cloud-6f545f89ff-r28zz,4.056158003820061
1783709639,cpu_utilisation,pod=workload-cloud-6f545f89ff-r28zz,4.419138936634502
1783709649,cpu_utilisation,pod=workload-cloud-6f545f89ff-r28zz,4.745022014309283
1783709659,cpu_utilisation,pod=workload-cloud-6f545f89ff-r28zz,4.768805314204925
1783709669,cpu_utilisation,pod=workload-cloud-6f545f89ff-r28zz,4.752911913968088
1783709679,cpu_utilisation,pod=workload-cloud-6f545f89ff-r28zz,3.896014706012019
1783709689,cpu_utilisation,pod=workload-cloud-6f545f89ff-r28zz,4.806032668345245
1783709699,cpu_utilisation,pod=workload-cloud-6f545f89ff-r28zz,4.804513855734297
1783709709,cpu_utilisation,pod=workload-cloud-6f545f89ff-r28zz,4.804513855734298
1783709719,cpu_utilisation,pod=workload-cloud-6f545f89ff-r28zz,4.815840438718424
1783709729,cpu_utilisation,pod=workload-cloud-6f545f89ff-r28zz,4.785411970292794
1783709739,cpu_utilisation,pod=workload-cloud-6f545f89ff-r28zz,4.795201664840404
1783709749,cpu_utilisation,pod=workload-cloud-6f545f89ff-r28zz,4.7067797851036
1783709759,cpu_utilisation,pod=workload-cloud-6f545f89ff-r28zz,3.888919435032957
1783709769,cpu_utilisation,pod=workload-cloud-6f545f89ff-r28zz,4.529402047959081
1783709779,cpu_utilisation,pod=workload-cloud-6f545f89ff-r28zz,3.9574044035390923
1783709789,cpu_utilisation,pod=workload-cloud-6f545f89ff-r28zz,3.854666873040226
1783709799,cpu_utilisation,pod=workload-cloud-6f545f89ff-r28zz,2.993961360012125
1783709809,cpu_utilisation,pod=workload-cloud-6f545f89ff-r28zz,3.3085055029492496
1783709819,cpu_utilisation,pod=workload-cloud-6f545f89ff-r28zz,2.7121043060815273
1783709829,cpu_utilisation,pod=workload-cloud-6f545f89ff-r28zz,3.240360034907557
1783709839,cpu_utilisation,pod=workload-cloud-6f545f89ff-r28zz,3.212566802862043
1783709849,cpu_utilisation,pod=workload-cloud-6f545f89ff-r28zz,3.211922642011396
1783709859,cpu_utilisation,pod=workload-cloud-6f545f89ff-r28zz,3.211922642011396
1783709869,cpu_utilisation,pod=workload-cloud-6f545f89ff-r28zz,3.234949991335077
1783709879,cpu_utilisation,pod=workload-cloud-6f545f89ff-r28zz,3.3104858979556115
1783709889,cpu_utilisation,pod=workload-cloud-6f545f89ff-r28zz,3.2601635111876237
1783709899,cpu_utilisation,pod=workload-cloud-6f545f89ff-r28zz,2.76390102411096
1783709909,cpu_utilisation,pod=workload-cloud-6f545f89ff-r28zz,3.2562644744097766
1783709919,cpu_utilisation,pod=workload-cloud-6f545f89ff-r28zz,3.2095357892894563
1783709929,cpu_utilisation,pod=workload-cloud-6f545f89ff-r28zz,3.1176360097961746
1783709939,cpu_utilisation,pod=workload-cloud-6f545f89ff-r28zz,3.1673513215859033
1783709949,cpu_utilisation,pod=workload-cloud-6f545f89ff-r28zz,3.1777338628713285
1783709959,cpu_utilisation,pod=workload-cloud-6f545f89ff-r28zz,3.137392595012124
1783709969,cpu_utilisation,pod=workload-cloud-6f545f89ff-r28zz,2.8498654145480855
1783709979,cpu_utilisation,pod=workload-cloud-6f545f89ff-r28zz,2.6354698837171613
1783709989,cpu_utilisation,pod=workload-cloud-6f545f89ff-r28zz,1.9504573266394027
1783709999,cpu_utilisation,pod=workload-cloud-6f545f89ff-r28zz,0.720479003485794
1783710009,cpu_utilisation,pod=workload-cloud-6f545f89ff-r28zz,0.6411980866061808
1783710019,cpu_utilisation,pod=workload-cloud-6f545f89ff-r28zz,0.09815006049087749
1783710029,cpu_utilisation,pod=workload-cloud-6f545f89ff-r28zz,0.02090009504701911
1783710039,cpu_utilisation,pod=workload-cloud-6f545f89ff-r28zz,0.02024293718572714
1783710049,cpu_utilisation,pod=workload-cloud-6f545f89ff-r28zz,0.01992403518375893
1783709399,cpu_utilisation,pod=workload-edge-7b875fd8c6-pxwvc,0.03917243106202729
1783709409,cpu_utilisation,pod=workload-edge-7b875fd8c6-pxwvc,0.04036394022807478
1783709419,cpu_utilisation,pod=workload-edge-7b875fd8c6-pxwvc,0.04128518795692795
1783709429,cpu_utilisation,pod=workload-edge-7b875fd8c6-pxwvc,0.041046542766859116
1783709439,cpu_utilisation,pod=workload-edge-7b875fd8c6-pxwvc,0.04057505445592927
1783709449,cpu_utilisation,pod=workload-edge-7b875fd8c6-pxwvc,0.03956941329245697
1783709459,cpu_utilisation,pod=workload-edge-7b875fd8c6-pxwvc,0.04383710817863401
1783709469,cpu_utilisation,pod=workload-edge-7b875fd8c6-pxwvc,0.045379705798902284
1783709479,cpu_utilisation,pod=workload-edge-7b875fd8c6-pxwvc,0.04537970579890229
1783709489,cpu_utilisation,pod=workload-edge-7b875fd8c6-pxwvc,0.04609671540075709
1783709499,cpu_utilisation,pod=workload-edge-7b875fd8c6-pxwvc,0.042866403965945155
1783709509,cpu_utilisation,pod=workload-edge-7b875fd8c6-pxwvc,0.04327340084967987
1783709519,cpu_utilisation,pod=workload-edge-7b875fd8c6-pxwvc,0.042581928509750226
1783709529,cpu_utilisation,pod=workload-edge-7b875fd8c6-pxwvc,0.042861532899512916
1783709539,cpu_utilisation,pod=workload-edge-7b875fd8c6-pxwvc,0.0429968698071678
1783709549,cpu_utilisation,pod=workload-edge-7b875fd8c6-pxwvc,0.042576478279458645
1783709559,cpu_utilisation,pod=workload-edge-7b875fd8c6-pxwvc,0.042576478279458645
1783709569,cpu_utilisation,pod=workload-edge-7b875fd8c6-pxwvc,0.04522966228980626
1783709579,cpu_utilisation,pod=workload-edge-7b875fd8c6-pxwvc,0.036406983171515084
1783709589,cpu_utilisation,pod=workload-edge-7b875fd8c6-pxwvc,0.04521452059082715
1783709599,cpu_utilisation,pod=workload-edge-7b875fd8c6-pxwvc,0.04652837227097279
1783709609,cpu_utilisation,pod=workload-edge-7b875fd8c6-pxwvc,0.04587341024822861
1783709619,cpu_utilisation,pod=workload-edge-7b875fd8c6-pxwvc,0.03686399990161608
1783709629,cpu_utilisation,pod=workload-edge-7b875fd8c6-pxwvc,0.04813289277148672
1783709639,cpu_utilisation,pod=workload-edge-7b875fd8c6-pxwvc,0.04901650452543049
1783709649,cpu_utilisation,pod=workload-edge-7b875fd8c6-pxwvc,0.04976066746984214
1783709659,cpu_utilisation,pod=workload-edge-7b875fd8c6-pxwvc,0.05009360583029128
1783709669,cpu_utilisation,pod=workload-edge-7b875fd8c6-pxwvc,0.05044650416647587
1783709679,cpu_utilisation,pod=workload-edge-7b875fd8c6-pxwvc,0.05044650416647588
1783709689,cpu_utilisation,pod=workload-edge-7b875fd8c6-pxwvc,0.050040148239667716
1783709699,cpu_utilisation,pod=workload-edge-7b875fd8c6-pxwvc,0.050548392609637186
1783709709,cpu_utilisation,pod=workload-edge-7b875fd8c6-pxwvc,0.05118610688391071
1783709719,cpu_utilisation,pod=workload-edge-7b875fd8c6-pxwvc,0.05233484063083232
1783709729,cpu_utilisation,pod=workload-edge-7b875fd8c6-pxwvc,0.051559946254338254
1783709739,cpu_utilisation,pod=workload-edge-7b875fd8c6-pxwvc,0.051559946254338254
1783709749,cpu_utilisation,pod=workload-edge-7b875fd8c6-pxwvc,0.05081040462424278
1783709759,cpu_utilisation,pod=workload-edge-7b875fd8c6-pxwvc,0.04757433456426885
1783709769,cpu_utilisation,pod=workload-edge-7b875fd8c6-pxwvc,0.04757433456426885
1783709779,cpu_utilisation,pod=workload-edge-7b875fd8c6-pxwvc,0.04764703422609706
1783709789,cpu_utilisation,pod=workload-edge-7b875fd8c6-pxwvc,0.046241961414822244
1783709799,cpu_utilisation,pod=workload-edge-7b875fd8c6-pxwvc,0.0472527745411076
1783709809,cpu_utilisation,pod=workload-edge-7b875fd8c6-pxwvc,0.047586160291921455
1783709819,cpu_utilisation,pod=workload-edge-7b875fd8c6-pxwvc,0.039148484215140916
1783709829,cpu_utilisation,pod=workload-edge-7b875fd8c6-pxwvc,0.046912191242487994
1783709839,cpu_utilisation,pod=workload-edge-7b875fd8c6-pxwvc,0.04495441453019377
1783709849,cpu_utilisation,pod=workload-edge-7b875fd8c6-pxwvc,0.04495441453019377
1783709859,cpu_utilisation,pod=workload-edge-7b875fd8c6-pxwvc,0.04617272805432314
1783709869,cpu_utilisation,pod=workload-edge-7b875fd8c6-pxwvc,0.04583275938908227
1783709879,cpu_utilisation,pod=workload-edge-7b875fd8c6-pxwvc,0.04653728137468353
1783709889,cpu_utilisation,pod=workload-edge-7b875fd8c6-pxwvc,0.045556377079497855
1783709899,cpu_utilisation,pod=workload-edge-7b875fd8c6-pxwvc,0.03697382848297063
1783709909,cpu_utilisation,pod=workload-edge-7b875fd8c6-pxwvc,0.04329192402896441
1783709919,cpu_utilisation,pod=workload-edge-7b875fd8c6-pxwvc,0.043567339560091074
1783709929,cpu_utilisation,pod=workload-edge-7b875fd8c6-pxwvc,0.03627880888678295
1783709939,cpu_utilisation,pod=workload-edge-7b875fd8c6-pxwvc,0.04424790945349332
1783709949,cpu_utilisation,pod=workload-edge-7b875fd8c6-pxwvc,0.044408223858121904
1783709959,cpu_utilisation,pod=workload-edge-7b875fd8c6-pxwvc,0.044328006214936544
1783709969,cpu_utilisation,pod=workload-edge-7b875fd8c6-pxwvc,0.04389401295957319
1783709979,cpu_utilisation,pod=workload-edge-7b875fd8c6-pxwvc,0.043282447016723374
1783709989,cpu_utilisation,pod=workload-edge-7b875fd8c6-pxwvc,0.04331217258442086
1783709999,cpu_utilisation,pod=workload-edge-7b875fd8c6-pxwvc,0.04322625806957255
1783710009,cpu_utilisation,pod=workload-edge-7b875fd8c6-pxwvc,0.04485357236712385
1783710019,cpu_utilisation,pod=workload-edge-7b875fd8c6-pxwvc,0.04595104333871327
1783710029,cpu_utilisation,pod=workload-edge-7b875fd8c6-pxwvc,0.03705136008961675
1783710039,cpu_utilisation,pod=workload-edge-7b875fd8c6-pxwvc,0.04357026535109963
1783710049,cpu_utilisation,pod=workload-edge-7b875fd8c6-pxwvc,0.04228253848638212
1783709529,mem_mib,pod=workload-cloud-6f545f89ff-9r4rd,3.19140625
1783709539,mem_mib,pod=workload-cloud-6f545f89ff-9r4rd,35.125
1783709549,mem_mib,pod=workload-cloud-6f545f89ff-9r4rd,35.125
1783709559,mem_mib,pod=workload-cloud-6f545f89ff-9r4rd,35.21875
1783709569,mem_mib,pod=workload-cloud-6f545f89ff-9r4rd,35.72265625
1783709579,mem_mib,pod=workload-cloud-6f545f89ff-9r4rd,35.56640625
1783709589,mem_mib,pod=workload-cloud-6f545f89ff-9r4rd,35.56640625
1783709599,mem_mib,pod=workload-cloud-6f545f89ff-9r4rd,38.7265625
1783709609,mem_mib,pod=workload-cloud-6f545f89ff-9r4rd,38.7265625
1783709619,mem_mib,pod=workload-cloud-6f545f89ff-9r4rd,39.72265625
1783709629,mem_mib,pod=workload-cloud-6f545f89ff-9r4rd,39.72265625
1783709639,mem_mib,pod=workload-cloud-6f545f89ff-9r4rd,40.078125
1783709649,mem_mib,pod=workload-cloud-6f545f89ff-9r4rd,40.328125
1783709659,mem_mib,pod=workload-cloud-6f545f89ff-9r4rd,40.328125
1783709669,mem_mib,pod=workload-cloud-6f545f89ff-9r4rd,40.24609375
1783709679,mem_mib,pod=workload-cloud-6f545f89ff-9r4rd,40.24609375
1783709689,mem_mib,pod=workload-cloud-6f545f89ff-9r4rd,40.33984375
1783709699,mem_mib,pod=workload-cloud-6f545f89ff-9r4rd,40.453125
1783709709,mem_mib,pod=workload-cloud-6f545f89ff-9r4rd,40.453125
1783709719,mem_mib,pod=workload-cloud-6f545f89ff-9r4rd,40.52734375
1783709729,mem_mib,pod=workload-cloud-6f545f89ff-9r4rd,40.45703125
1783709739,mem_mib,pod=workload-cloud-6f545f89ff-9r4rd,40.55859375
1783709749,mem_mib,pod=workload-cloud-6f545f89ff-9r4rd,40.55859375
1783709759,mem_mib,pod=workload-cloud-6f545f89ff-9r4rd,40.1796875
1783709769,mem_mib,pod=workload-cloud-6f545f89ff-9r4rd,39.51953125
1783709779,mem_mib,pod=workload-cloud-6f545f89ff-9r4rd,38.9765625
1783709789,mem_mib,pod=workload-cloud-6f545f89ff-9r4rd,38.98046875
1783709799,mem_mib,pod=workload-cloud-6f545f89ff-9r4rd,38.98046875
1783709809,mem_mib,pod=workload-cloud-6f545f89ff-9r4rd,38.73828125
1783709819,mem_mib,pod=workload-cloud-6f545f89ff-9r4rd,38.73828125
1783709829,mem_mib,pod=workload-cloud-6f545f89ff-9r4rd,38.734375
1783709839,mem_mib,pod=workload-cloud-6f545f89ff-9r4rd,38.984375
1783709849,mem_mib,pod=workload-cloud-6f545f89ff-9r4rd,38.984375
1783709859,mem_mib,pod=workload-cloud-6f545f89ff-9r4rd,38.73828125
1783709869,mem_mib,pod=workload-cloud-6f545f89ff-9r4rd,39.73828125
1783709879,mem_mib,pod=workload-cloud-6f545f89ff-9r4rd,38.75390625
1783709889,mem_mib,pod=workload-cloud-6f545f89ff-9r4rd,38.75390625
1783709899,mem_mib,pod=workload-cloud-6f545f89ff-9r4rd,38.99609375
1783709909,mem_mib,pod=workload-cloud-6f545f89ff-9r4rd,39.03515625
1783709919,mem_mib,pod=workload-cloud-6f545f89ff-9r4rd,39.03515625
1783709929,mem_mib,pod=workload-cloud-6f545f89ff-9r4rd,38.76171875
1783709939,mem_mib,pod=workload-cloud-6f545f89ff-9r4rd,38.76171875
1783709949,mem_mib,pod=workload-cloud-6f545f89ff-9r4rd,38.7578125
1783709959,mem_mib,pod=workload-cloud-6f545f89ff-9r4rd,38.7578125
1783709969,mem_mib,pod=workload-cloud-6f545f89ff-9r4rd,38.67578125
1783709979,mem_mib,pod=workload-cloud-6f545f89ff-9r4rd,38.67578125
1783709989,mem_mib,pod=workload-cloud-6f545f89ff-9r4rd,38.67578125
1783709999,mem_mib,pod=workload-cloud-6f545f89ff-9r4rd,38.671875
1783710009,mem_mib,pod=workload-cloud-6f545f89ff-9r4rd,38.671875
1783710019,mem_mib,pod=workload-cloud-6f545f89ff-9r4rd,38.67578125
1783710029,mem_mib,pod=workload-cloud-6f545f89ff-9r4rd,38.67578125
1783710039,mem_mib,pod=workload-cloud-6f545f89ff-9r4rd,38.67578125
1783710049,mem_mib,pod=workload-cloud-6f545f89ff-9r4rd,38.671875
1783709649,mem_mib,pod=workload-cloud-6f545f89ff-d62sg,3.484375
1783709659,mem_mib,pod=workload-cloud-6f545f89ff-d62sg,3.484375
1783709669,mem_mib,pod=workload-cloud-6f545f89ff-d62sg,35.12890625
1783709679,mem_mib,pod=workload-cloud-6f545f89ff-d62sg,35.140625
1783709689,mem_mib,pod=workload-cloud-6f545f89ff-d62sg,35.17578125
1783709699,mem_mib,pod=workload-cloud-6f545f89ff-d62sg,35.17578125
1783709709,mem_mib,pod=workload-cloud-6f545f89ff-d62sg,35.171875
1783709719,mem_mib,pod=workload-cloud-6f545f89ff-d62sg,35.17578125
1783709729,mem_mib,pod=workload-cloud-6f545f89ff-d62sg,35.17578125
1783709739,mem_mib,pod=workload-cloud-6f545f89ff-d62sg,35.203125
1783709749,mem_mib,pod=workload-cloud-6f545f89ff-d62sg,35.20703125
1783709759,mem_mib,pod=workload-cloud-6f545f89ff-d62sg,35.20703125
1783709769,mem_mib,pod=workload-cloud-6f545f89ff-d62sg,35.20703125
1783709779,mem_mib,pod=workload-cloud-6f545f89ff-d62sg,35.2109375
1783709789,mem_mib,pod=workload-cloud-6f545f89ff-d62sg,35.21875
1783709799,mem_mib,pod=workload-cloud-6f545f89ff-d62sg,35.21875
1783709809,mem_mib,pod=workload-cloud-6f545f89ff-d62sg,35.21875
1783709819,mem_mib,pod=workload-cloud-6f545f89ff-d62sg,35.21875
1783709829,mem_mib,pod=workload-cloud-6f545f89ff-d62sg,35.21875
1783709839,mem_mib,pod=workload-cloud-6f545f89ff-d62sg,35.23046875
1783709849,mem_mib,pod=workload-cloud-6f545f89ff-d62sg,35.23046875
1783709859,mem_mib,pod=workload-cloud-6f545f89ff-d62sg,35.7265625
1783709869,mem_mib,pod=workload-cloud-6f545f89ff-d62sg,35.7265625
1783709879,mem_mib,pod=workload-cloud-6f545f89ff-d62sg,35.23046875
1783709889,mem_mib,pod=workload-cloud-6f545f89ff-d62sg,35.2421875
1783709899,mem_mib,pod=workload-cloud-6f545f89ff-d62sg,35.2421875
1783709909,mem_mib,pod=workload-cloud-6f545f89ff-d62sg,35.2421875
1783709919,mem_mib,pod=workload-cloud-6f545f89ff-d62sg,35.2421875
1783709929,mem_mib,pod=workload-cloud-6f545f89ff-d62sg,35.2421875
1783709939,mem_mib,pod=workload-cloud-6f545f89ff-d62sg,35.25390625
1783709949,mem_mib,pod=workload-cloud-6f545f89ff-d62sg,35.25390625
1783709959,mem_mib,pod=workload-cloud-6f545f89ff-d62sg,35.25390625
1783709969,mem_mib,pod=workload-cloud-6f545f89ff-d62sg,35.25390625
1783709979,mem_mib,pod=workload-cloud-6f545f89ff-d62sg,35.2578125
1783709989,mem_mib,pod=workload-cloud-6f545f89ff-d62sg,35.2578125
1783709999,mem_mib,pod=workload-cloud-6f545f89ff-d62sg,35.2578125
1783710009,mem_mib,pod=workload-cloud-6f545f89ff-d62sg,35.2578125
1783710019,mem_mib,pod=workload-cloud-6f545f89ff-d62sg,35.2578125
1783710029,mem_mib,pod=workload-cloud-6f545f89ff-d62sg,35.2578125
1783710039,mem_mib,pod=workload-cloud-6f545f89ff-d62sg,35.2578125
1783710049,mem_mib,pod=workload-cloud-6f545f89ff-d62sg,35.2578125
1783709619,mem_mib,pod=workload-cloud-6f545f89ff-fvf7s,3.3359375
1783709629,mem_mib,pod=workload-cloud-6f545f89ff-fvf7s,3.3359375
1783709639,mem_mib,pod=workload-cloud-6f545f89ff-fvf7s,35.1171875
1783709649,mem_mib,pod=workload-cloud-6f545f89ff-fvf7s,35.14453125
1783709659,mem_mib,pod=workload-cloud-6f545f89ff-fvf7s,35.14453125
1783709669,mem_mib,pod=workload-cloud-6f545f89ff-fvf7s,35.1484375
1783709679,mem_mib,pod=workload-cloud-6f545f89ff-fvf7s,35.1484375
1783709689,mem_mib,pod=workload-cloud-6f545f89ff-fvf7s,35.15625
1783709699,mem_mib,pod=workload-cloud-6f545f89ff-fvf7s,35.15625
1783709709,mem_mib,pod=workload-cloud-6f545f89ff-fvf7s,35.18359375
1783709719,mem_mib,pod=workload-cloud-6f545f89ff-fvf7s,35.18359375
1783709729,mem_mib,pod=workload-cloud-6f545f89ff-fvf7s,35.18359375
1783709739,mem_mib,pod=workload-cloud-6f545f89ff-fvf7s,35.18359375
1783709749,mem_mib,pod=workload-cloud-6f545f89ff-fvf7s,35.19140625
1783709759,mem_mib,pod=workload-cloud-6f545f89ff-fvf7s,35.19140625
1783709769,mem_mib,pod=workload-cloud-6f545f89ff-fvf7s,35.19921875
1783709779,mem_mib,pod=workload-cloud-6f545f89ff-fvf7s,35.19921875
1783709789,mem_mib,pod=workload-cloud-6f545f89ff-fvf7s,35.19921875
1783709799,mem_mib,pod=workload-cloud-6f545f89ff-fvf7s,35.19921875
1783709809,mem_mib,pod=workload-cloud-6f545f89ff-fvf7s,35.21484375
1783709819,mem_mib,pod=workload-cloud-6f545f89ff-fvf7s,35.21484375
1783709829,mem_mib,pod=workload-cloud-6f545f89ff-fvf7s,35.21484375
1783709839,mem_mib,pod=workload-cloud-6f545f89ff-fvf7s,35.21484375
1783709849,mem_mib,pod=workload-cloud-6f545f89ff-fvf7s,35.21484375
1783709859,mem_mib,pod=workload-cloud-6f545f89ff-fvf7s,35.22265625
1783709869,mem_mib,pod=workload-cloud-6f545f89ff-fvf7s,35.22265625
1783709879,mem_mib,pod=workload-cloud-6f545f89ff-fvf7s,35.22265625
1783709889,mem_mib,pod=workload-cloud-6f545f89ff-fvf7s,35.22265625
1783709899,mem_mib,pod=workload-cloud-6f545f89ff-fvf7s,35.2265625
1783709909,mem_mib,pod=workload-cloud-6f545f89ff-fvf7s,35.234375
1783709919,mem_mib,pod=workload-cloud-6f545f89ff-fvf7s,35.234375
1783709929,mem_mib,pod=workload-cloud-6f545f89ff-fvf7s,35.234375
1783709939,mem_mib,pod=workload-cloud-6f545f89ff-fvf7s,35.234375
1783709949,mem_mib,pod=workload-cloud-6f545f89ff-fvf7s,35.23828125
1783709959,mem_mib,pod=workload-cloud-6f545f89ff-fvf7s,35.23828125
1783709399,mem_mib,pod=workload-cloud-6f545f89ff-r28zz,40.75390625
1783709409,mem_mib,pod=workload-cloud-6f545f89ff-r28zz,41.03515625
1783709419,mem_mib,pod=workload-cloud-6f545f89ff-r28zz,41.03515625
1783709429,mem_mib,pod=workload-cloud-6f545f89ff-r28zz,40.81640625
1783709439,mem_mib,pod=workload-cloud-6f545f89ff-r28zz,40.81640625
1783709449,mem_mib,pod=workload-cloud-6f545f89ff-r28zz,41.1328125
1783709459,mem_mib,pod=workload-cloud-6f545f89ff-r28zz,41.1875
1783709469,mem_mib,pod=workload-cloud-6f545f89ff-r28zz,41.47265625
1783709479,mem_mib,pod=workload-cloud-6f545f89ff-r28zz,41.47265625
1783709489,mem_mib,pod=workload-cloud-6f545f89ff-r28zz,41.32421875
1783709499,mem_mib,pod=workload-cloud-6f545f89ff-r28zz,41.32421875
1783709509,mem_mib,pod=workload-cloud-6f545f89ff-r28zz,41.67578125
1783709519,mem_mib,pod=workload-cloud-6f545f89ff-r28zz,42.2109375
1783709529,mem_mib,pod=workload-cloud-6f545f89ff-r28zz,42.2109375
1783709539,mem_mib,pod=workload-cloud-6f545f89ff-r28zz,41.5703125
1783709549,mem_mib,pod=workload-cloud-6f545f89ff-r28zz,42.15234375
1783709559,mem_mib,pod=workload-cloud-6f545f89ff-r28zz,41.62890625
1783709569,mem_mib,pod=workload-cloud-6f545f89ff-r28zz,41.62890625
1783709579,mem_mib,pod=workload-cloud-6f545f89ff-r28zz,41.39453125
1783709589,mem_mib,pod=workload-cloud-6f545f89ff-r28zz,41.41796875
1783709599,mem_mib,pod=workload-cloud-6f545f89ff-r28zz,41.41796875
1783709609,mem_mib,pod=workload-cloud-6f545f89ff-r28zz,42.4375
1783709619,mem_mib,pod=workload-cloud-6f545f89ff-r28zz,42.4375
1783709629,mem_mib,pod=workload-cloud-6f545f89ff-r28zz,42.6484375
1783709639,mem_mib,pod=workload-cloud-6f545f89ff-r28zz,42.828125
1783709649,mem_mib,pod=workload-cloud-6f545f89ff-r28zz,42.828125
1783709659,mem_mib,pod=workload-cloud-6f545f89ff-r28zz,42.671875
1783709669,mem_mib,pod=workload-cloud-6f545f89ff-r28zz,43.05078125
1783709679,mem_mib,pod=workload-cloud-6f545f89ff-r28zz,43.05078125
1783709689,mem_mib,pod=workload-cloud-6f545f89ff-r28zz,42.8828125
1783709699,mem_mib,pod=workload-cloud-6f545f89ff-r28zz,43.140625
1783709709,mem_mib,pod=workload-cloud-6f545f89ff-r28zz,43.140625
1783709719,mem_mib,pod=workload-cloud-6f545f89ff-r28zz,42.77734375
1783709729,mem_mib,pod=workload-cloud-6f545f89ff-r28zz,42.77734375
1783709739,mem_mib,pod=workload-cloud-6f545f89ff-r28zz,42.9375
1783709749,mem_mib,pod=workload-cloud-6f545f89ff-r28zz,42.8203125
1783709759,mem_mib,pod=workload-cloud-6f545f89ff-r28zz,42.32421875
1783709769,mem_mib,pod=workload-cloud-6f545f89ff-r28zz,42.32421875
1783709779,mem_mib,pod=workload-cloud-6f545f89ff-r28zz,41.93359375
1783709789,mem_mib,pod=workload-cloud-6f545f89ff-r28zz,42.1484375
1783709799,mem_mib,pod=workload-cloud-6f545f89ff-r28zz,42.1484375
1783709809,mem_mib,pod=workload-cloud-6f545f89ff-r28zz,41.6640625
1783709819,mem_mib,pod=workload-cloud-6f545f89ff-r28zz,41.6640625
1783709829,mem_mib,pod=workload-cloud-6f545f89ff-r28zz,41.66015625
1783709839,mem_mib,pod=workload-cloud-6f545f89ff-r28zz,41.66796875
1783709849,mem_mib,pod=workload-cloud-6f545f89ff-r28zz,42.171875
1783709859,mem_mib,pod=workload-cloud-6f545f89ff-r28zz,42.171875
1783709869,mem_mib,pod=workload-cloud-6f545f89ff-r28zz,41.6640625
1783709879,mem_mib,pod=workload-cloud-6f545f89ff-r28zz,41.66796875
1783709889,mem_mib,pod=workload-cloud-6f545f89ff-r28zz,41.6953125
1783709899,mem_mib,pod=workload-cloud-6f545f89ff-r28zz,41.6953125
1783709909,mem_mib,pod=workload-cloud-6f545f89ff-r28zz,41.6640625
1783709919,mem_mib,pod=workload-cloud-6f545f89ff-r28zz,41.69921875
1783709929,mem_mib,pod=workload-cloud-6f545f89ff-r28zz,41.69921875
1783709939,mem_mib,pod=workload-cloud-6f545f89ff-r28zz,41.72265625
1783709949,mem_mib,pod=workload-cloud-6f545f89ff-r28zz,41.72265625
1783709959,mem_mib,pod=workload-cloud-6f545f89ff-r28zz,42.421875
1783709969,mem_mib,pod=workload-cloud-6f545f89ff-r28zz,41.59375
1783709979,mem_mib,pod=workload-cloud-6f545f89ff-r28zz,41.59375
1783709989,mem_mib,pod=workload-cloud-6f545f89ff-r28zz,41.03515625
1783709999,mem_mib,pod=workload-cloud-6f545f89ff-r28zz,40.88671875
1783710009,mem_mib,pod=workload-cloud-6f545f89ff-r28zz,40.88671875
1783710019,mem_mib,pod=workload-cloud-6f545f89ff-r28zz,40.88671875
1783710029,mem_mib,pod=workload-cloud-6f545f89ff-r28zz,40.88671875
1783710039,mem_mib,pod=workload-cloud-6f545f89ff-r28zz,40.88671875
1783710049,mem_mib,pod=workload-cloud-6f545f89ff-r28zz,40.88671875
1783709399,mem_mib,pod=workload-edge-7b875fd8c6-pxwvc,39.26171875
1783709409,mem_mib,pod=workload-edge-7b875fd8c6-pxwvc,39.26171875
1783709419,mem_mib,pod=workload-edge-7b875fd8c6-pxwvc,39.26171875
1783709429,mem_mib,pod=workload-edge-7b875fd8c6-pxwvc,39.26171875
1783709439,mem_mib,pod=workload-edge-7b875fd8c6-pxwvc,39.26171875
1783709449,mem_mib,pod=workload-edge-7b875fd8c6-pxwvc,39.26171875
1783709459,mem_mib,pod=workload-edge-7b875fd8c6-pxwvc,39.26171875
1783709469,mem_mib,pod=workload-edge-7b875fd8c6-pxwvc,39.26171875
1783709479,mem_mib,pod=workload-edge-7b875fd8c6-pxwvc,39.26171875
1783709489,mem_mib,pod=workload-edge-7b875fd8c6-pxwvc,39.26171875
1783709499,mem_mib,pod=workload-edge-7b875fd8c6-pxwvc,39.26171875
1783709509,mem_mib,pod=workload-edge-7b875fd8c6-pxwvc,39.26171875
1783709519,mem_mib,pod=workload-edge-7b875fd8c6-pxwvc,39.26171875
1783709529,mem_mib,pod=workload-edge-7b875fd8c6-pxwvc,39.26171875
1783709539,mem_mib,pod=workload-edge-7b875fd8c6-pxwvc,39.26171875
1783709549,mem_mib,pod=workload-edge-7b875fd8c6-pxwvc,39.26171875
1783709559,mem_mib,pod=workload-edge-7b875fd8c6-pxwvc,39.26171875
1783709569,mem_mib,pod=workload-edge-7b875fd8c6-pxwvc,39.26171875
1783709579,mem_mib,pod=workload-edge-7b875fd8c6-pxwvc,39.26171875
1783709589,mem_mib,pod=workload-edge-7b875fd8c6-pxwvc,39.26171875
1783709599,mem_mib,pod=workload-edge-7b875fd8c6-pxwvc,39.265625
1783709609,mem_mib,pod=workload-edge-7b875fd8c6-pxwvc,39.26171875
1783709619,mem_mib,pod=workload-edge-7b875fd8c6-pxwvc,39.26171875
1783709629,mem_mib,pod=workload-edge-7b875fd8c6-pxwvc,39.26171875
1783709639,mem_mib,pod=workload-edge-7b875fd8c6-pxwvc,39.26171875
1783709649,mem_mib,pod=workload-edge-7b875fd8c6-pxwvc,39.26171875
1783709659,mem_mib,pod=workload-edge-7b875fd8c6-pxwvc,39.26171875
1783709669,mem_mib,pod=workload-edge-7b875fd8c6-pxwvc,39.26171875
1783709679,mem_mib,pod=workload-edge-7b875fd8c6-pxwvc,39.26171875
1783709689,mem_mib,pod=workload-edge-7b875fd8c6-pxwvc,39.26171875
1783709699,mem_mib,pod=workload-edge-7b875fd8c6-pxwvc,39.26171875
1783709709,mem_mib,pod=workload-edge-7b875fd8c6-pxwvc,39.26171875
1783709719,mem_mib,pod=workload-edge-7b875fd8c6-pxwvc,39.26171875
1783709729,mem_mib,pod=workload-edge-7b875fd8c6-pxwvc,39.26171875
1783709739,mem_mib,pod=workload-edge-7b875fd8c6-pxwvc,39.26171875
1783709749,mem_mib,pod=workload-edge-7b875fd8c6-pxwvc,39.26171875
1783709759,mem_mib,pod=workload-edge-7b875fd8c6-pxwvc,39.26171875
1783709769,mem_mib,pod=workload-edge-7b875fd8c6-pxwvc,39.26171875
1783709779,mem_mib,pod=workload-edge-7b875fd8c6-pxwvc,39.26171875
1783709789,mem_mib,pod=workload-edge-7b875fd8c6-pxwvc,39.26171875
1783709799,mem_mib,pod=workload-edge-7b875fd8c6-pxwvc,39.26171875
1783709809,mem_mib,pod=workload-edge-7b875fd8c6-pxwvc,39.26171875
1783709819,mem_mib,pod=workload-edge-7b875fd8c6-pxwvc,39.26171875
1783709829,mem_mib,pod=workload-edge-7b875fd8c6-pxwvc,39.26171875
1783709839,mem_mib,pod=workload-edge-7b875fd8c6-pxwvc,39.26171875
1783709849,mem_mib,pod=workload-edge-7b875fd8c6-pxwvc,39.26171875
1783709859,mem_mib,pod=workload-edge-7b875fd8c6-pxwvc,39.26171875
1783709869,mem_mib,pod=workload-edge-7b875fd8c6-pxwvc,39.26171875
1783709879,mem_mib,pod=workload-edge-7b875fd8c6-pxwvc,39.26171875
1783709889,mem_mib,pod=workload-edge-7b875fd8c6-pxwvc,39.26171875
1783709899,mem_mib,pod=workload-edge-7b875fd8c6-pxwvc,39.26171875
1783709909,mem_mib,pod=workload-edge-7b875fd8c6-pxwvc,39.26171875
1783709919,mem_mib,pod=workload-edge-7b875fd8c6-pxwvc,39.26171875
1783709929,mem_mib,pod=workload-edge-7b875fd8c6-pxwvc,39.26171875
1783709939,mem_mib,pod=workload-edge-7b875fd8c6-pxwvc,39.26171875
1783709949,mem_mib,pod=workload-edge-7b875fd8c6-pxwvc,39.26171875
1783709959,mem_mib,pod=workload-edge-7b875fd8c6-pxwvc,39.26171875
1783709969,mem_mib,pod=workload-edge-7b875fd8c6-pxwvc,39.26171875
1783709979,mem_mib,pod=workload-edge-7b875fd8c6-pxwvc,39.26171875
1783709989,mem_mib,pod=workload-edge-7b875fd8c6-pxwvc,39.26171875
1783709999,mem_mib,pod=workload-edge-7b875fd8c6-pxwvc,39.26171875
1783710009,mem_mib,pod=workload-edge-7b875fd8c6-pxwvc,39.26171875
1783710019,mem_mib,pod=workload-edge-7b875fd8c6-pxwvc,39.26171875
1783710029,mem_mib,pod=workload-edge-7b875fd8c6-pxwvc,39.26171875
1783710039,mem_mib,pod=workload-edge-7b875fd8c6-pxwvc,39.26171875
1783710049,mem_mib,pod=workload-edge-7b875fd8c6-pxwvc,39.26171875
1783709399,rps,tier=cloud,0.0
1783709409,rps,tier=cloud,0.4200084001680034
1783709419,rps,tier=cloud,4.560316828898834
1783709429,rps,tier=cloud,12.581368150016587
1783709439,rps,tier=cloud,24.16189055751786
1783709449,rps,tier=cloud,38.42348351964567
1783709459,rps,tier=cloud,55.60614148385275
1783709469,rps,tier=cloud,72.12639154657057
1783709479,rps,tier=cloud,87.28617491534345
1783709489,rps,tier=cloud,102.75128364938746
1783709499,rps,tier=cloud,117.19052815754414
1783709509,rps,tier=cloud,129.81173357739948
1783709519,rps,tier=cloud,140.45546531690414
1783709529,rps,tier=cloud,150.93202679981425
1783709539,rps,tier=cloud,157.57266527009443
1783709549,rps,tier=cloud,165.77822281968167
1783709559,rps,tier=cloud,176.95588820716122
1783709569,rps,tier=cloud,194.28755699568092
1783709579,rps,tier=cloud,207.97020013265347
1783709589,rps,tier=cloud,224.32052296534334
1783709599,rps,tier=cloud,264.83341373821276
1783709609,rps,tier=cloud,315.8150255625683
1783709619,rps,tier=cloud,371.8192303327549
1783709629,rps,tier=cloud,423.3683844155868
1783709639,rps,tier=cloud,472.2392314413298
1783709649,rps,tier=cloud,487.6377644463993
1783709659,rps,tier=cloud,486.45436687147696
1783709669,rps,tier=cloud,492.0837446957
1783709679,rps,tier=cloud,492.78624196740594
1783709689,rps,tier=cloud,491.58376144205107
1783709699,rps,tier=cloud,488.2097423935279
1783709709,rps,tier=cloud,496.22163808948335
1783709719,rps,tier=cloud,486.1698822818414
1783709729,rps,tier=cloud,488.5819824727997
1783709739,rps,tier=cloud,490.402707955159
1783709749,rps,tier=cloud,490.5486753185454
1783709759,rps,tier=cloud,474.6499441824081
1783709769,rps,tier=cloud,443.98378224155795
1783709779,rps,tier=cloud,393.46556929917483
1783709789,rps,tier=cloud,344.54476899598114
1783709799,rps,tier=cloud,300.53484253936153
1783709809,rps,tier=cloud,265.0880804248384
1783709819,rps,tier=cloud,250.60466544634107
1783709829,rps,tier=cloud,250.62365889336493
1783709839,rps,tier=cloud,250.33660802354484
1783709849,rps,tier=cloud,249.3938708956315
1783709859,rps,tier=cloud,249.51732524340028
1783709869,rps,tier=cloud,248.7101650871356
1783709879,rps,tier=cloud,249.1268813243688
1783709889,rps,tier=cloud,250.0861882608572
1783709899,rps,tier=cloud,251.37115216623408
1783709909,rps,tier=cloud,252.47494005785654
1783709919,rps,tier=cloud,252.4208188949284
1783709929,rps,tier=cloud,253.78506819041448
1783709939,rps,tier=cloud,253.4033333939228
1783709949,rps,tier=cloud,254.25430864543665
1783709959,rps,tier=cloud,242.51072593644344
1783709969,rps,tier=cloud,221.1629893368209
1783709979,rps,tier=cloud,180.91029510405866
1783709989,rps,tier=cloud,130.42832461210682
1783709999,rps,tier=cloud,79.52807285703054
1783710009,rps,tier=cloud,39.65898298899586
1783710019,rps,tier=cloud,11.5199648677145
1783710029,rps,tier=cloud,0.12000960076806144
1783710039,rps,tier=cloud,0.0
1783710049,rps,tier=cloud,0.0
1783709399,rps,tier=edge,0.0
1783709409,rps,tier=edge,0.0
1783709419,rps,tier=edge,0.0
1783709429,rps,tier=edge,0.0
1783709439,rps,tier=edge,0.0
1783709449,rps,tier=edge,0.0
1783709459,rps,tier=edge,0.0
1783709469,rps,tier=edge,0.0
1783709479,rps,tier=edge,0.0
1783709489,rps,tier=edge,0.0
1783709499,rps,tier=edge,0.0
1783709509,rps,tier=edge,0.0
1783709519,rps,tier=edge,0.0
1783709529,rps,tier=edge,0.0
1783709539,rps,tier=edge,0.0
1783709549,rps,tier=edge,0.0
1783709559,rps,tier=edge,0.0
1783709569,rps,tier=edge,0.0
1783709579,rps,tier=edge,0.0
1783709589,rps,tier=edge,0.0
1783709599,rps,tier=edge,0.0
1783709609,rps,tier=edge,0.0
1783709619,rps,tier=edge,0.0
1783709629,rps,tier=edge,0.0
1783709639,rps,tier=edge,0.0
1783709649,rps,tier=edge,0.0
1783709659,rps,tier=edge,0.0
1783709669,rps,tier=edge,0.0
1783709679,rps,tier=edge,0.0
1783709689,rps,tier=edge,0.0
1783709699,rps,tier=edge,0.0
1783709709,rps,tier=edge,0.0
1783709719,rps,tier=edge,0.0
1783709729,rps,tier=edge,0.0
1783709739,rps,tier=edge,0.0
1783709749,rps,tier=edge,0.0
1783709759,rps,tier=edge,0.0
1783709769,rps,tier=edge,0.0
1783709779,rps,tier=edge,0.0
1783709789,rps,tier=edge,0.0
1783709799,rps,tier=edge,0.0
1783709809,rps,tier=edge,0.0
1783709819,rps,tier=edge,0.0
1783709829,rps,tier=edge,0.0
1783709839,rps,tier=edge,0.0
1783709849,rps,tier=edge,0.0
1783709859,rps,tier=edge,0.0
1783709869,rps,tier=edge,0.0
1783709879,rps,tier=edge,0.0
1783709889,rps,tier=edge,0.0
1783709899,rps,tier=edge,0.0
1783709909,rps,tier=edge,0.0
1783709919,rps,tier=edge,0.0
1783709929,rps,tier=edge,0.0
1783709939,rps,tier=edge,0.0
1783709949,rps,tier=edge,0.0
1783709959,rps,tier=edge,0.0
1783709969,rps,tier=edge,0.0
1783709979,rps,tier=edge,0.0
1783709989,rps,tier=edge,0.0
1783709999,rps,tier=edge,0.0
1783710009,rps,tier=edge,0.0
1783710019,rps,tier=edge,0.0
1783710029,rps,tier=edge,0.0
1783710039,rps,tier=edge,0.0
1783710049,rps,tier=edge,0.0
1783709409,lat50_ms,tier=cloud,3.96875
1783709419,lat50_ms,tier=cloud,4.137499002764076
1783709429,lat50_ms,tier=cloud,4.469895287958115
1783709439,lat50_ms,tier=cloud,6.182167388523747
1783709449,lat50_ms,tier=cloud,7.768967634201347
1783709459,lat50_ms,tier=cloud,9.295505255305638
1783709469,lat50_ms,tier=cloud,11.41336572320888
1783709479,lat50_ms,tier=cloud,13.489351646324405
1783709489,lat50_ms,tier=cloud,14.726856449285144
1783709499,lat50_ms,tier=cloud,16.502075738425617
1783709509,lat50_ms,tier=cloud,18.450983408209545
1783709519,lat50_ms,tier=cloud,21.142027186066674
1783709529,lat50_ms,tier=cloud,24.44150110856094
1783709539,lat50_ms,tier=cloud,27.54050818948544
1783709549,lat50_ms,tier=cloud,30.819535272018925
1783709559,lat50_ms,tier=cloud,32.746106369580545
1783709569,lat50_ms,tier=cloud,33.43145463516821
1783709579,lat50_ms,tier=cloud,34.678241984740886
1783709589,lat50_ms,tier=cloud,35.944307146532445
1783709599,lat50_ms,tier=cloud,41.12953256959916
1783709609,lat50_ms,tier=cloud,49.9250108360824
1783709619,lat50_ms,tier=cloud,61.817524703544734
1783709629,lat50_ms,tier=cloud,73.61376308011319
1783709639,lat50_ms,tier=cloud,98.29582449172369
1783709649,lat50_ms,tier=cloud,129.49448451129962
1783709659,lat50_ms,tier=cloud,159.6250579213552
1783709669,lat50_ms,tier=cloud,179.99842605516747
1783709679,lat50_ms,tier=cloud,197.17238359541693
1783709689,lat50_ms,tier=cloud,211.36488659315998
1783709699,lat50_ms,tier=cloud,223.17353278100055
1783709709,lat50_ms,tier=cloud,235.8700952969555
1783709719,lat50_ms,tier=cloud,246.92421172755968
1783709729,lat50_ms,tier=cloud,250.23203269448308
1783709739,lat50_ms,tier=cloud,249.78951286314398
1783709749,lat50_ms,tier=cloud,245.47342125817934
1783709759,lat50_ms,tier=cloud,235.64755176458877
1783709769,lat50_ms,tier=cloud,224.87027158814115
1783709779,lat50_ms,tier=cloud,215.55015665370917
1783709789,lat50_ms,tier=cloud,201.01421747169255
1783709799,lat50_ms,tier=cloud,182.1425273876131
1783709809,lat50_ms,tier=cloud,157.77761531540196
1783709819,lat50_ms,tier=cloud,121.65996802954135
1783709829,lat50_ms,tier=cloud,89.81158403228265
1783709839,lat50_ms,tier=cloud,71.68339487670683
1783709849,lat50_ms,tier=cloud,63.00127305307586
1783709859,lat50_ms,tier=cloud,56.34756815848459
1783709869,lat50_ms,tier=cloud,52.0374713669943
1783709879,lat50_ms,tier=cloud,50.83723083044
1783709889,lat50_ms,tier=cloud,50.81945720317052
1783709899,lat50_ms,tier=cloud,51.20451916687611
1783709909,lat50_ms,tier=cloud,50.53507049323709
1783709919,lat50_ms,tier=cloud,50.760870579872524
1783709929,lat50_ms,tier=cloud,50.84151086956804
1783709939,lat50_ms,tier=cloud,50.18646037469591
1783709949,lat50_ms,tier=cloud,50.07343963366117
1783709959,lat50_ms,tier=cloud,49.75730335538275
1783709969,lat50_ms,tier=cloud,47.49064283446617
1783709979,lat50_ms,tier=cloud,45.6696349916735
1783709989,lat50_ms,tier=cloud,45.98930533317644
1783709999,lat50_ms,tier=cloud,45.48995303956459
1783710009,lat50_ms,tier=cloud,44.294426237948684
1783710019,lat50_ms,tier=cloud,44.118828612978476
1783710029,lat50_ms,tier=cloud,42.10774453973916
1783710039,lat50_ms,tier=cloud,40.472438935293525
1783710049,lat50_ms,tier=cloud,38.408953309285316
1783709409,lat95_ms,tier=cloud,8.95
1783709419,lat95_ms,tier=cloud,9.287877422883065
1783709429,lat95_ms,tier=cloud,9.726973684210527
1783709439,lat95_ms,tier=cloud,17.192306012829278
1783709449,lat95_ms,tier=cloud,29.238331560038677
1783709459,lat95_ms,tier=cloud,40.872810677757954
1783709469,lat95_ms,tier=cloud,43.939663714195085
1783709479,lat95_ms,tier=cloud,45.798959894157086
1783709489,lat95_ms,tier=cloud,46.41209064474442
1783709499,lat95_ms,tier=cloud,47.40259706585262
1783709509,lat95_ms,tier=cloud,48.7988721394744
1783709519,lat95_ms,tier=cloud,53.99497054638062
1783709529,lat95_ms,tier=cloud,63.05863553959601
1783709539,lat95_ms,tier=cloud,70.35553999856603
1783709549,lat95_ms,tier=cloud,73.20319432120672
1783709559,lat95_ms,tier=cloud,74.24107486862844
1783709569,lat95_ms,tier=cloud,76.77288962832903
1783709579,lat95_ms,tier=cloud,80.4667608974359
1783709589,lat95_ms,tier=cloud,86.94349610499884
1783709599,lat95_ms,tier=cloud,112.23601203079869
1783709609,lat95_ms,tier=cloud,178.37126601460076
1783709619,lat95_ms,tier=cloud,276.4871403823549
1783709629,lat95_ms,tier=cloud,379.86706854192346
1783709639,lat95_ms,tier=cloud,421.7000535778285
1783709649,lat95_ms,tier=cloud,441.8042680509337
1783709659,lat95_ms,tier=cloud,456.2572055859297
1783709669,lat95_ms,tier=cloud,458.7055562569091
1783709679,lat95_ms,tier=cloud,464.31387449685235
1783709689,lat95_ms,tier=cloud,470.14269992574464
1783709699,lat95_ms,tier=cloud,477.896595616044
1783709709,lat95_ms,tier=cloud,481.2585454626556
1783709719,lat95_ms,tier=cloud,484.6650585565466
1783709729,lat95_ms,tier=cloud,485.8637198309319
1783709739,lat95_ms,tier=cloud,482.8963567333379
1783709749,lat95_ms,tier=cloud,481.7156391612423
1783709759,lat95_ms,tier=cloud,478.5622600540914
1783709769,lat95_ms,tier=cloud,473.54202690277657
1783709779,lat95_ms,tier=cloud,472.9602740241157
1783709789,lat95_ms,tier=cloud,468.7385402179883
1783709799,lat95_ms,tier=cloud,461.55095952979525
1783709809,lat95_ms,tier=cloud,446.22057931880363
1783709819,lat95_ms,tier=cloud,432.77030731983547
1783709829,lat95_ms,tier=cloud,403.5740921740073
1783709839,lat95_ms,tier=cloud,355.36716580981164
1783709849,lat95_ms,tier=cloud,265.94140990165494
1783709859,lat95_ms,tier=cloud,161.96258947840676
1783709869,lat95_ms,tier=cloud,122.82618440759099
1783709879,lat95_ms,tier=cloud,114.45565984630683
1783709889,lat95_ms,tier=cloud,110.10030740930416
1783709899,lat95_ms,tier=cloud,107.29324523513095
1783709909,lat95_ms,tier=cloud,107.7471933560665
1783709919,lat95_ms,tier=cloud,108.71944074343403
1783709929,lat95_ms,tier=cloud,107.32822612703815
1783709939,lat95_ms,tier=cloud,106.42248419163688
1783709949,lat95_ms,tier=cloud,103.584473839916
1783709959,lat95_ms,tier=cloud,99.95098599479553
1783709969,lat95_ms,tier=cloud,99.54464717383921
1783709979,lat95_ms,tier=cloud,98.30479601850004
1783709989,lat95_ms,tier=cloud,97.46345845573065
1783709999,lat95_ms,tier=cloud,97.65069052037373
1783710009,lat95_ms,tier=cloud,97.44759593600041
1783710019,lat95_ms,tier=cloud,97.19775297367494
1783710029,lat95_ms,tier=cloud,95.78123914765574
1783710039,lat95_ms,tier=cloud,95.17350690742224
1783710049,lat95_ms,tier=cloud,92.77127162323539
1783709409,lat99_ms,tier=cloud,9.790000000000001
1783709419,lat99_ms,tier=cloud,9.978787205056047
1783709429,lat99_ms,tier=cloud,16.68947368421052
1783709439,lat99_ms,tier=cloud,19.515384420706333
1783709449,lat99_ms,tier=cloud,67.43742783500292
1783709459,lat99_ms,tier=cloud,61.09721306730726
1783709469,lat99_ms,tier=cloud,53.32492740301921
1783709479,lat99_ms,tier=cloud,49.95979117573987
1783709489,lat99_ms,tier=cloud,54.01590627894415
1783709499,lat99_ms,tier=cloud,62.190474711271634
1783709509,lat99_ms,tier=cloud,70.16064859106747
1783709519,lat99_ms,tier=cloud,73.839288352399
1783709529,lat99_ms,tier=cloud,75.56233223604872
1783709539,lat99_ms,tier=cloud,115.4361333384468
1783709549,lat99_ms,tier=cloud,119.23529411764724
1783709559,lat99_ms,tier=cloud,125.14369965158134
1783709569,lat99_ms,tier=cloud,132.2046151100253
1783709579,lat99_ms,tier=cloud,132.5884894927538
1783709589,lat99_ms,tier=cloud,138.3397804722224
1783709599,lat99_ms,tier=cloud,162.1142628781829
1783709609,lat99_ms,tier=cloud,286.18626098807096
1783709619,lat99_ms,tier=cloud,440.0452405787414
1783709629,lat99_ms,tier=cloud,492.5447644815378
1783709639,lat99_ms,tier=cloud,500.38079457252746
1783709649,lat99_ms,tier=cloud,542.8659154665975
1783709659,lat99_ms,tier=cloud,594.8932774623833
1783709669,lat99_ms,tier=cloud,592.0777029963756
1783709679,lat99_ms,tier=cloud,620.0936611421796
1783709689,lat99_ms,tier=cloud,643.7164030138053
1783709699,lat99_ms,tier=cloud,668.7852702845696
1783709709,lat99_ms,tier=cloud,674.1809612253805
1783709719,lat99_ms,tier=cloud,679.8006641354344
1783709729,lat99_ms,tier=cloud,681.9213670319168
1783709739,lat99_ms,tier=cloud,671.569204236682
1783709749,lat99_ms,tier=cloud,670.0084329853237
1783709759,lat99_ms,tier=cloud,663.7670053058552
1783709769,lat99_ms,tier=cloud,650.1692279471387
1783709779,lat99_ms,tier=cloud,653.3249247912838
1783709789,lat99_ms,tier=cloud,632.4269500352425
1783709799,lat99_ms,tier=cloud,605.0482925991556
1783709809,lat99_ms,tier=cloud,499.7818973487118
1783709819,lat99_ms,tier=cloud,495.857184298992
1783709829,lat99_ms,tier=cloud,488.80400799107474
1783709839,lat99_ms,tier=cloud,478.28833091366874
1783709849,lat99_ms,tier=cloud,446.74492546320965
1783709859,lat99_ms,tier=cloud,280.50354269979715
1783709869,lat99_ms,tier=cloud,172.61801869177145
1783709879,lat99_ms,tier=cloud,160.13593601033648
1783709889,lat99_ms,tier=cloud,151.33679964499507
1783709899,lat99_ms,tier=cloud,147.60799006665238
1783709909,lat99_ms,tier=cloud,147.27599557887257
1783709919,lat99_ms,tier=cloud,147.5426218246601
1783709929,lat99_ms,tier=cloud,147.2790953752338
1783709939,lat99_ms,tier=cloud,147.38368262663226
1783709949,lat99_ms,tier=cloud,146.5418375964554
1783709959,lat99_ms,tier=cloud,144.15059875879433
1783709969,lat99_ms,tier=cloud,144.16995036414716
1783709979,lat99_ms,tier=cloud,142.34047347053385
1783709989,lat99_ms,tier=cloud,140.17534181318973
1783709999,lat99_ms,tier=cloud,140.64942071911608
1783710009,lat99_ms,tier=cloud,141.01436094441377
1783710019,lat99_ms,tier=cloud,140.84918905235483
1783710029,lat99_ms,tier=cloud,136.15493566310576
1783710039,lat99_ms,tier=cloud,135.1737399676131
1783710049,lat99_ms,tier=cloud,128.48650831687937
1783709399,inflight,tier=cloud,0.0
1783709409,inflight,tier=cloud,0.0
1783709419,inflight,tier=cloud,0.0
1783709429,inflight,tier=cloud,0.0
1783709439,inflight,tier=cloud,0.0
1783709449,inflight,tier=cloud,0.0
1783709459,inflight,tier=cloud,0.0
1783709469,inflight,tier=cloud,0.0
1783709479,inflight,tier=cloud,0.0
1783709489,inflight,tier=cloud,0.0
1783709499,inflight,tier=cloud,0.0
1783709509,inflight,tier=cloud,0.0
1783709519,inflight,tier=cloud,0.0
1783709529,inflight,tier=cloud,0.0
1783709539,inflight,tier=cloud,0.0
1783709549,inflight,tier=cloud,0.0
1783709559,inflight,tier=cloud,0.0
1783709569,inflight,tier=cloud,10.0
1783709579,inflight,tier=cloud,0.0
1783709589,inflight,tier=cloud,14.0
1783709599,inflight,tier=cloud,25.0
1783709609,inflight,tier=cloud,61.0
1783709619,inflight,tier=cloud,78.0
1783709629,inflight,tier=cloud,114.0
1783709639,inflight,tier=cloud,70.0
1783709649,inflight,tier=cloud,126.0
1783709659,inflight,tier=cloud,33.0
1783709669,inflight,tier=cloud,71.0
1783709679,inflight,tier=cloud,106.0
1783709689,inflight,tier=cloud,69.0
1783709699,inflight,tier=cloud,26.0
1783709709,inflight,tier=cloud,103.0
1783709719,inflight,tier=cloud,79.0
1783709729,inflight,tier=cloud,69.0
1783709739,inflight,tier=cloud,72.0
1783709749,inflight,tier=cloud,22.0
1783709759,inflight,tier=cloud,7.0
1783709769,inflight,tier=cloud,0.0
1783709779,inflight,tier=cloud,2.0
1783709789,inflight,tier=cloud,14.0
1783709799,inflight,tier=cloud,1.0
1783709809,inflight,tier=cloud,13.0
1783709819,inflight,tier=cloud,0.0
1783709829,inflight,tier=cloud,0.0
1783709839,inflight,tier=cloud,15.0
1783709849,inflight,tier=cloud,5.0
1783709859,inflight,tier=cloud,22.0
1783709869,inflight,tier=cloud,7.0
1783709879,inflight,tier=cloud,0.0
1783709889,inflight,tier=cloud,0.0
1783709899,inflight,tier=cloud,0.0
1783709909,inflight,tier=cloud,7.0
1783709919,inflight,tier=cloud,0.0
1783709929,inflight,tier=cloud,11.0
1783709939,inflight,tier=cloud,4.0
1783709949,inflight,tier=cloud,3.0
1783709959,inflight,tier=cloud,0.0
1783709969,inflight,tier=cloud,0.0
1783709979,inflight,tier=cloud,0.0
1783709989,inflight,tier=cloud,0.0
1783709999,inflight,tier=cloud,0.0
1783710009,inflight,tier=cloud,0.0
1783710019,inflight,tier=cloud,0.0
1783710029,inflight,tier=cloud,0.0
1783710039,inflight,tier=cloud,0.0
1783710049,inflight,tier=cloud,0.0
1783709399,inflight,tier=edge,0.0
1783709409,inflight,tier=edge,0.0
1783709419,inflight,tier=edge,0.0
1783709429,inflight,tier=edge,0.0
1783709439,inflight,tier=edge,0.0
1783709449,inflight,tier=edge,0.0
1783709459,inflight,tier=edge,0.0
1783709469,inflight,tier=edge,0.0
1783709479,inflight,tier=edge,0.0
1783709489,inflight,tier=edge,0.0
1783709499,inflight,tier=edge,0.0
1783709509,inflight,tier=edge,0.0
1783709519,inflight,tier=edge,0.0
1783709529,inflight,tier=edge,0.0
1783709539,inflight,tier=edge,0.0
1783709549,inflight,tier=edge,0.0
1783709559,inflight,tier=edge,0.0
1783709569,inflight,tier=edge,0.0
1783709579,inflight,tier=edge,0.0
1783709589,inflight,tier=edge,0.0
1783709599,inflight,tier=edge,0.0
1783709609,inflight,tier=edge,0.0
1783709619,inflight,tier=edge,0.0
1783709629,inflight,tier=edge,0.0
1783709639,inflight,tier=edge,0.0
1783709649,inflight,tier=edge,0.0
1783709659,inflight,tier=edge,0.0
1783709669,inflight,tier=edge,0.0
1783709679,inflight,tier=edge,0.0
1783709689,inflight,tier=edge,0.0
1783709699,inflight,tier=edge,0.0
1783709709,inflight,tier=edge,0.0
1783709719,inflight,tier=edge,0.0
1783709729,inflight,tier=edge,0.0
1783709739,inflight,tier=edge,0.0
1783709749,inflight,tier=edge,0.0
1783709759,inflight,tier=edge,0.0
1783709769,inflight,tier=edge,0.0
1783709779,inflight,tier=edge,0.0
1783709789,inflight,tier=edge,0.0
1783709799,inflight,tier=edge,0.0
1783709809,inflight,tier=edge,0.0
1783709819,inflight,tier=edge,0.0
1783709829,inflight,tier=edge,0.0
1783709839,inflight,tier=edge,0.0
1783709849,inflight,tier=edge,0.0
1783709859,inflight,tier=edge,0.0
1783709869,inflight,tier=edge,0.0
1783709879,inflight,tier=edge,0.0
1783709889,inflight,tier=edge,0.0
1783709899,inflight,tier=edge,0.0
1783709909,inflight,tier=edge,0.0
1783709919,inflight,tier=edge,0.0
1783709929,inflight,tier=edge,0.0
1783709939,inflight,tier=edge,0.0
1783709949,inflight,tier=edge,0.0
1783709959,inflight,tier=edge,0.0
1783709969,inflight,tier=edge,0.0
1783709979,inflight,tier=edge,0.0
1783709989,inflight,tier=edge,0.0
1783709999,inflight,tier=edge,0.0
1783710009,inflight,tier=edge,0.0
1783710019,inflight,tier=edge,0.0
1783710029,inflight,tier=edge,0.0
1783710039,inflight,tier=edge,0.0
1783710049,inflight,tier=edge,0.0
